Crime_ID,Crime_Type,Date,Time,Location_ID,Officer_ID,Status
1,Assault,2024-07-09,23:00,1,27,Unsolved
2,Theft,2024-03-17,07:00,1,73,Solved
3,Fraud,2024-02-18,16:00,6,87,Solved
4,Robbery,2024-02-06,11:00,4,26,Solved
5,Robbery,2024-02-19,12:00,2,24,Unsolved
6,Theft,2024-09-27,17:00,3,62,Solved
7,Robbery,2024-03-14,15:00,8,4,Unsolved
8,Assault,2024-03-12,03:00,2,54,Unsolved
9,Robbery,2024-10-07,22:00,4,22,Solved
10,Assault,2024-03-21,05:00,1,84,Solved
11,Theft,2024-06-29,17:00,5,95,Unsolved
12,Fraud,2024-11-20,09:00,6,30,Unsolved
13,Burglary,2024-04-02,18:00,2,17,Solved
14,Assault,2024-04-12,01:00,6,23,Unsolved
15,Fraud,2024-09-20,09:00,4,17,Solved
16,Robbery,2024-07-07,09:00,6,60,Solved
17,Robbery,2024-01-10,08:00,7,33,Unsolved
18,Fraud,2024-06-11,10:00,2,43,Solved
19,Fraud,2024-11-15,07:00,6,30,Solved
20,Theft,2024-11-18,01:00,2,17,Solved
21,Assault,2024-09-10,19:00,6,44,Solved
22,Fraud,2024-03-09,11:00,7,16,Solved
23,Fraud,2024-05-01,08:00,2,18,Solved
24,Theft,2024-05-21,09:00,6,69,Solved
25,Cybercrime,2024-04-09,23:00,8,5,Unsolved
26,Assault,2024-05-08,10:00,1,21,Unsolved
27,Fraud,2024-02-04,03:00,3,77,Solved
28,Robbery,2024-07-17,14:00,8,31,Solved
29,Theft,2024-01-17,06:00,2,95,Unsolved
30,Cybercrime,2024-06-14,01:00,3,67,Solved
31,Cybercrime,2024-09-30,17:00,2,72,Unsolved
32,Assault,2024-06-15,07:00,4,3,Unsolved
33,Fraud,2024-05-07,17:00,7,97,Unsolved
34,Assault,2024-03-23,19:00,1,23,Solved
35,Cybercrime,2024-01-15,00:00,3,26,Solved
36,Robbery,2024-06-14,11:00,7,55,Unsolved
37,Fraud,2024-09-08,15:00,2,29,Solved
38,Theft,2024-08-21,19:00,7,30,Solved
39,Cybercrime,2024-06-10,08:00,8,19,Solved
40,Theft,2024-06-26,23:00,7,98,Unsolved
41,Assault,2024-07-24,21:00,3,36,Unsolved
42,Cybercrime,2024-04-09,00:00,8,61,Unsolved
43,Theft,2024-06-08,12:00,5,78,Solved
44,Assault,2024-07-05,23:00,7,26,Unsolved
45,Burglary,2024-05-04,08:00,4,69,Unsolved
46,Assault,2024-07-20,07:00,8,52,Unsolved
47,Assault,2024-11-28,20:00,4,42,Unsolved
48,Cybercrime,2024-10-11,06:00,1,26,Unsolved
49,Robbery,2024-11-05,01:00,6,55,Unsolved
50,Robbery,2024-07-05,18:00,7,92,Unsolved
51,Burglary,2024-08-10,03:00,5,99,Unsolved
52,Cybercrime,2024-09-26,14:00,1,96,Solved
53,Theft,2024-02-08,08:00,7,80,Unsolved
54,Burglary,2024-04-01,10:00,1,98,Solved
55,Theft,2024-03-28,23:00,6,48,Solved
56,Burglary,2024-05-03,16:00,8,11,Unsolved
57,Assault,2024-02-29,01:00,4,63,Solved
58,Fraud,2024-06-23,11:00,8,61,Unsolved
59,Cybercrime,2024-11-14,19:00,6,99,Solved
60,Cybercrime,2024-10-22,11:00,5,64,Unsolved
61,Robbery,2024-11-23,06:00,2,71,Unsolved
62,Cybercrime,2024-01-26,18:00,3,6,Solved
63,Theft,2024-10-15,13:00,1,88,Solved
64,Cybercrime,2024-06-07,00:00,3,49,Solved
65,Theft,2024-04-26,21:00,2,73,Unsolved
66,Cybercrime,2024-12-13,21:00,5,79,Unsolved
67,Burglary,2024-06-18,11:00,1,56,Unsolved
68,Assault,2024-07-04,16:00,5,42,Solved
69,Assault,2024-04-26,18:00,6,98,Unsolved
70,Cybercrime,2024-06-22,10:00,5,89,Solved
71,Theft,2024-08-29,13:00,3,30,Solved
72,Cybercrime,2024-12-07,13:00,1,38,Solved
73,Theft,2024-10-08,07:00,4,1,Unsolved
74,Robbery,2024-03-14,00:00,7,95,Unsolved
75,Fraud,2024-07-21,05:00,5,1,Solved
76,Cybercrime,2024-05-14,14:00,6,76,Solved
77,Burglary,2024-09-15,13:00,3,16,Solved
78,Robbery,2024-01-31,08:00,8,51,Solved
79,Fraud,2024-03-18,06:00,8,6,Unsolved
80,Theft,2024-07-25,02:00,3,65,Unsolved
81,Cybercrime,2024-12-13,22:00,4,4,Solved
82,Burglary,2024-12-18,01:00,8,84,Unsolved
83,Burglary,2024-10-25,19:00,3,77,Unsolved
84,Cybercrime,2024-10-01,14:00,2,50,Solved
85,Cybercrime,2024-07-30,02:00,7,79,Solved
86,Assault,2024-08-04,05:00,3,64,Unsolved
87,Fraud,2024-06-19,08:00,6,20,Unsolved
88,Robbery,2024-01-25,06:00,3,74,Solved
89,Burglary,2024-08-30,15:00,4,100,Solved
90,Theft,2024-05-30,10:00,4,91,Solved
91,Theft,2024-06-05,13:00,8,58,Solved
92,Cybercrime,2024-02-23,19:00,6,48,Solved
93,Robbery,2024-06-07,18:00,3,68,Solved
94,Fraud,2024-04-13,22:00,2,66,Unsolved
95,Robbery,2024-04-22,02:00,1,11,Solved
96,Fraud,2024-08-26,10:00,3,1,Solved
97,Theft,2024-01-22,11:00,1,95,Solved
98,Cybercrime,2024-06-04,07:00,2,8,Solved
99,Burglary,2024-05-13,17:00,7,57,Solved
100,Theft,2024-07-19,11:00,7,12,Solved
101,Theft,2024-03-23,18:00,6,51,Solved
102,Robbery,2024-08-26,09:00,7,16,Unsolved
103,Cybercrime,2024-02-18,08:00,2,32,Solved
104,Fraud,2024-08-24,15:00,1,62,Solved
105,Assault,2024-09-09,19:00,6,56,Solved
106,Theft,2024-12-16,09:00,7,13,Unsolved
107,Robbery,2024-01-25,06:00,1,82,Unsolved
108,Burglary,2024-04-16,18:00,3,62,Solved
109,Theft,2024-06-17,14:00,5,48,Solved
110,Assault,2024-08-23,05:00,3,72,Unsolved
111,Fraud,2024-06-17,19:00,5,36,Unsolved
112,Robbery,2024-06-24,19:00,8,37,Unsolved
113,Robbery,2024-07-31,03:00,5,96,Unsolved
114,Burglary,2024-12-11,03:00,4,98,Unsolved
115,Burglary,2024-09-18,21:00,8,65,Unsolved
116,Burglary,2024-08-28,22:00,7,24,Unsolved
117,Burglary,2024-01-24,13:00,5,93,Unsolved
118,Fraud,2024-07-15,16:00,3,1,Solved
119,Burglary,2024-05-28,21:00,4,66,Solved
120,Burglary,2024-05-21,07:00,6,97,Solved
121,Cybercrime,2024-01-30,17:00,5,90,Solved
122,Robbery,2024-06-05,06:00,7,75,Solved
123,Burglary,2024-08-30,13:00,1,78,Unsolved
124,Fraud,2024-07-01,11:00,6,89,Unsolved
125,Robbery,2024-07-10,20:00,1,88,Unsolved
126,Robbery,2024-08-19,06:00,6,49,Solved
127,Theft,2024-03-01,01:00,2,5,Unsolved
128,Burglary,2024-07-16,09:00,3,57,Solved
129,Burglary,2024-07-30,06:00,8,4,Solved
130,Theft,2024-12-01,21:00,4,74,Unsolved
131,Burglary,2024-04-10,13:00,7,73,Solved
132,Cybercrime,2024-02-22,08:00,5,72,Solved
133,Cybercrime,2024-04-02,09:00,3,14,Solved
134,Assault,2024-12-14,22:00,4,76,Solved
135,Theft,2024-04-06,18:00,8,63,Unsolved
136,Fraud,2024-04-16,16:00,4,43,Solved
137,Fraud,2024-08-17,06:00,1,81,Unsolved
138,Fraud,2024-02-27,02:00,4,32,Solved
139,Theft,2024-02-09,04:00,5,47,Solved
140,Fraud,2024-12-12,01:00,4,71,Unsolved
141,Assault,2024-03-19,19:00,1,30,Unsolved
142,Robbery,2024-03-02,06:00,8,18,Solved
143,Theft,2024-04-16,07:00,4,48,Unsolved
144,Robbery,2024-08-26,21:00,6,38,Unsolved
145,Robbery,2024-11-09,15:00,1,13,Solved
146,Assault,2024-05-13,17:00,3,62,Solved
147,Burglary,2024-07-23,06:00,5,61,Solved
148,Assault,2024-06-02,20:00,6,33,Unsolved
149,Robbery,2024-09-12,06:00,7,58,Unsolved
150,Assault,2024-05-02,14:00,1,33,Solved
151,Fraud,2024-04-03,14:00,8,86,Solved
152,Cybercrime,2024-10-20,08:00,4,23,Unsolved
153,Assault,2024-05-23,04:00,6,10,Unsolved
154,Theft,2024-12-14,08:00,6,44,Unsolved
155,Theft,2024-02-11,05:00,6,100,Solved
156,Fraud,2024-11-15,13:00,5,70,Solved
157,Robbery,2024-09-20,02:00,8,98,Unsolved
158,Assault,2024-05-10,07:00,6,39,Unsolved
159,Theft,2024-06-23,19:00,8,5,Solved
160,Theft,2024-03-16,03:00,6,38,Solved
161,Burglary,2024-06-29,06:00,1,74,Solved
162,Assault,2024-03-07,00:00,8,6,Solved
163,Theft,2024-08-28,23:00,8,34,Unsolved
164,Robbery,2024-06-14,12:00,8,75,Unsolved
165,Burglary,2024-01-26,13:00,5,18,Unsolved
166,Fraud,2024-12-06,07:00,7,9,Solved
167,Burglary,2024-07-11,20:00,5,16,Solved
168,Robbery,2024-05-08,19:00,1,30,Unsolved
169,Cybercrime,2024-02-22,08:00,6,53,Unsolved
170,Robbery,2024-12-03,11:00,2,17,Solved
171,Burglary,2024-02-24,00:00,3,36,Solved
172,Theft,2024-05-07,19:00,5,66,Unsolved
173,Theft,2024-06-12,10:00,2,21,Solved
174,Theft,2024-11-30,08:00,3,99,Solved
175,Robbery,2024-11-12,07:00,3,39,Unsolved
176,Cybercrime,2024-06-27,08:00,7,91,Unsolved
177,Assault,2024-04-10,12:00,3,13,Solved
178,Cybercrime,2024-04-16,13:00,2,5,Unsolved
179,Robbery,2024-08-18,05:00,4,63,Unsolved
180,Assault,2024-05-31,05:00,1,68,Unsolved
181,Fraud,2024-07-12,17:00,7,54,Unsolved
182,Cybercrime,2024-09-13,11:00,6,10,Unsolved
183,Fraud,2024-10-15,12:00,7,26,Unsolved
184,Cybercrime,2024-04-14,05:00,6,22,Solved
185,Robbery,2024-12-12,13:00,3,35,Unsolved
186,Cybercrime,2024-11-27,19:00,1,24,Unsolved
187,Burglary,2024-12-23,00:00,1,21,Solved
188,Robbery,2024-04-24,22:00,6,50,Solved
189,Robbery,2024-01-26,02:00,1,99,Solved
190,Theft,2024-07-02,18:00,1,53,Unsolved
191,Burglary,2024-03-10,22:00,2,98,Solved
192,Fraud,2024-01-06,03:00,8,40,Solved
193,Robbery,2024-09-27,02:00,4,3,Unsolved
194,Cybercrime,2024-08-03,02:00,6,98,Solved
195,Burglary,2024-01-03,04:00,5,50,Solved
196,Robbery,2024-04-01,16:00,2,99,Solved
197,Fraud,2024-03-05,14:00,4,21,Solved
198,Burglary,2024-09-05,08:00,1,7,Unsolved
199,Theft,2024-08-14,13:00,4,70,Unsolved
200,Cybercrime,2024-03-28,14:00,1,32,Solved
201,Cybercrime,2024-01-25,00:00,4,4,Solved
202,Fraud,2024-04-25,22:00,7,96,Solved
203,Assault,2024-09-27,18:00,8,32,Solved
204,Burglary,2024-11-29,20:00,7,12,Unsolved
205,Fraud,2024-08-28,10:00,4,22,Unsolved
206,Theft,2024-10-15,20:00,8,42,Solved
207,Cybercrime,2024-12-13,23:00,4,2,Unsolved
208,Assault,2024-08-29,13:00,7,59,Solved
209,Robbery,2024-12-27,19:00,4,86,Unsolved
210,Assault,2024-07-30,23:00,6,99,Solved
211,Burglary,2024-05-28,08:00,5,23,Solved
212,Burglary,2024-07-18,05:00,1,43,Solved
213,Assault,2024-06-04,02:00,6,9,Unsolved
214,Fraud,2024-06-14,12:00,2,21,Unsolved
215,Theft,2024-08-11,17:00,6,71,Solved
216,Fraud,2024-12-23,02:00,1,55,Solved
217,Robbery,2024-09-29,05:00,5,52,Solved
218,Theft,2024-11-06,11:00,4,15,Solved
219,Fraud,2024-08-12,09:00,4,77,Solved
220,Robbery,2024-09-03,11:00,1,3,Solved
221,Burglary,2024-11-04,08:00,6,63,Unsolved
222,Robbery,2024-09-02,13:00,2,76,Unsolved
223,Burglary,2024-09-18,19:00,1,28,Unsolved
224,Theft,2024-04-20,20:00,1,8,Unsolved
225,Cybercrime,2024-03-07,13:00,8,42,Solved
226,Cybercrime,2024-09-06,18:00,3,22,Solved
227,Robbery,2024-08-10,15:00,6,44,Unsolved
228,Fraud,2024-06-27,04:00,3,20,Solved
229,Fraud,2024-01-03,13:00,6,80,Unsolved
230,Robbery,2024-03-30,21:00,5,74,Unsolved
231,Assault,2024-02-02,23:00,5,94,Solved
232,Fraud,2024-08-05,01:00,1,39,Solved
233,Cybercrime,2024-12-07,08:00,3,39,Unsolved
234,Assault,2024-06-13,20:00,1,44,Solved
235,Assault,2024-03-07,13:00,5,10,Unsolved
236,Assault,2024-09-06,13:00,3,2,Solved
237,Theft,2024-11-25,19:00,4,88,Solved
238,Cybercrime,2024-01-12,15:00,5,18,Solved
239,Cybercrime,2024-02-22,00:00,5,15,Solved
240,Robbery,2024-04-25,01:00,1,58,Solved
241,Robbery,2024-08-09,23:00,4,94,Unsolved
242,Fraud,2024-07-31,17:00,5,20,Unsolved
243,Fraud,2024-09-08,01:00,4,42,Solved
244,Burglary,2024-05-15,02:00,5,43,Solved
245,Assault,2024-08-26,08:00,2,79,Unsolved
246,Robbery,2024-07-16,03:00,1,96,Solved
247,Theft,2024-07-04,19:00,1,42,Solved
248,Theft,2024-03-30,12:00,6,81,Solved
249,Burglary,2024-12-04,04:00,3,23,Unsolved
250,Fraud,2024-05-04,08:00,4,40,Unsolved
251,Robbery,2024-03-08,13:00,4,88,Unsolved
252,Assault,2024-04-15,12:00,3,8,Solved
253,Burglary,2024-12-05,14:00,7,29,Solved
254,Assault,2024-07-21,13:00,1,32,Unsolved
255,Assault,2024-11-15,02:00,4,4,Solved
256,Fraud,2024-11-24,06:00,6,95,Unsolved
257,Cybercrime,2024-09-25,04:00,1,77,Unsolved
258,Cybercrime,2024-12-27,11:00,6,15,Unsolved
259,Robbery,2024-01-25,04:00,4,68,Solved
260,Cybercrime,2024-07-30,01:00,7,56,Solved
261,Theft,2024-08-15,19:00,7,69,Unsolved
262,Burglary,2024-01-23,22:00,8,94,Unsolved
263,Theft,2024-06-17,04:00,6,52,Unsolved
264,Robbery,2024-12-09,18:00,5,35,Unsolved
265,Fraud,2024-03-18,09:00,5,42,Unsolved
266,Burglary,2024-01-22,02:00,4,28,Solved
267,Cybercrime,2024-05-23,19:00,7,18,Solved
268,Assault,2024-07-02,16:00,5,27,Unsolved
269,Assault,2024-07-15,09:00,5,65,Solved
270,Robbery,2024-07-29,14:00,1,51,Unsolved
271,Robbery,2024-09-24,15:00,6,54,Unsolved
272,Theft,2024-06-13,14:00,1,84,Unsolved
273,Fraud,2024-07-04,12:00,5,22,Solved
274,Assault,2024-01-28,22:00,3,9,Unsolved
275,Burglary,2024-07-26,10:00,3,10,Solved
276,Theft,2024-05-20,19:00,8,13,Unsolved
277,Assault,2024-05-09,00:00,2,17,Unsolved
278,Theft,2024-07-10,10:00,6,74,Solved
279,Cybercrime,2024-12-24,21:00,1,26,Unsolved
280,Fraud,2024-03-26,07:00,3,64,Unsolved
281,Fraud,2024-09-11,21:00,1,12,Solved
282,Robbery,2024-07-27,11:00,4,48,Unsolved
283,Burglary,2024-05-03,04:00,7,20,Solved
284,Fraud,2024-03-25,17:00,4,75,Unsolved
285,Fraud,2024-06-04,22:00,2,26,Unsolved
286,Fraud,2024-08-09,11:00,5,43,Solved
287,Theft,2024-05-15,17:00,5,44,Solved
288,Cybercrime,2024-09-27,20:00,7,98,Solved
289,Fraud,2024-11-27,16:00,3,81,Solved
290,Theft,2024-01-13,15:00,7,55,Unsolved
291,Robbery,2024-09-12,21:00,3,83,Solved
292,Cybercrime,2024-03-02,22:00,5,39,Unsolved
293,Assault,2024-12-27,23:00,5,20,Solved
294,Cybercrime,2024-10-03,07:00,6,7,Unsolved
295,Theft,2024-06-14,09:00,2,5,Unsolved
296,Fraud,2024-03-03,10:00,6,94,Unsolved
297,Burglary,2024-07-13,20:00,1,58,Solved
298,Theft,2024-11-09,19:00,2,4,Solved
299,Robbery,2024-07-19,15:00,2,91,Solved
300,Burglary,2024-09-18,14:00,5,91,Unsolved
301,Burglary,2024-05-06,06:00,3,10,Solved
302,Burglary,2024-05-07,19:00,6,6,Solved
303,Theft,2024-01-01,06:00,7,93,Solved
304,Burglary,2024-09-15,23:00,5,57,Solved
305,Assault,2024-08-21,21:00,1,99,Unsolved
306,Fraud,2024-05-12,00:00,1,100,Unsolved
307,Theft,2024-03-05,22:00,1,71,Solved
308,Assault,2024-02-05,10:00,3,92,Unsolved
309,Robbery,2024-05-12,19:00,6,30,Solved
310,Fraud,2024-11-27,07:00,8,53,Solved
311,Burglary,2024-03-21,13:00,7,45,Unsolved
312,Robbery,2024-01-15,09:00,4,87,Unsolved
313,Cybercrime,2024-01-03,03:00,2,5,Solved
314,Robbery,2024-11-06,01:00,2,37,Unsolved
315,Fraud,2024-08-04,02:00,4,11,Unsolved
316,Assault,2024-05-08,20:00,4,87,Unsolved
317,Fraud,2024-11-11,10:00,1,84,Solved
318,Cybercrime,2024-07-09,01:00,7,23,Solved
319,Theft,2024-09-14,15:00,1,55,Solved
320,Cybercrime,2024-08-07,16:00,2,50,Unsolved
321,Burglary,2024-11-19,06:00,1,85,Solved
322,Cybercrime,2024-04-21,21:00,3,100,Unsolved
323,Burglary,2024-05-04,22:00,2,4,Solved
324,Fraud,2024-12-03,19:00,8,54,Unsolved
325,Theft,2024-09-08,04:00,1,27,Unsolved
326,Theft,2024-12-05,20:00,8,33,Solved
327,Theft,2024-02-14,06:00,2,1,Solved
328,Theft,2024-04-23,04:00,4,16,Unsolved
329,Fraud,2024-08-13,22:00,5,79,Unsolved
330,Robbery,2024-11-01,09:00,5,54,Unsolved
331,Theft,2024-02-17,08:00,4,29,Unsolved
332,Robbery,2024-11-24,05:00,6,25,Unsolved
333,Assault,2024-02-29,04:00,2,83,Solved
334,Fraud,2024-04-03,15:00,7,16,Unsolved
335,Assault,2024-03-23,17:00,7,59,Unsolved
336,Fraud,2024-12-02,06:00,2,26,Solved
337,Robbery,2024-12-14,23:00,5,67,Unsolved
338,Assault,2024-08-30,12:00,4,1,Solved
339,Burglary,2024-05-18,20:00,6,61,Unsolved
340,Cybercrime,2024-12-09,03:00,7,86,Unsolved
341,Assault,2024-11-17,03:00,1,68,Solved
342,Cybercrime,2024-04-19,04:00,8,18,Solved
343,Assault,2024-04-05,08:00,4,50,Unsolved
344,Fraud,2024-03-14,18:00,5,80,Unsolved
345,Robbery,2024-12-17,12:00,8,74,Unsolved
346,Assault,2024-10-17,04:00,7,19,Solved
347,Theft,2024-11-02,13:00,5,41,Solved
348,Fraud,2024-11-03,11:00,4,92,Unsolved
349,Cybercrime,2024-08-17,04:00,8,78,Unsolved
350,Assault,2024-07-29,19:00,8,95,Unsolved
351,Fraud,2024-06-28,01:00,5,62,Solved
352,Theft,2024-06-01,16:00,2,81,Solved
353,Theft,2024-07-02,08:00,8,84,Solved
354,Cybercrime,2024-11-20,22:00,3,4,Solved
355,Burglary,2024-09-10,21:00,7,2,Unsolved
356,Robbery,2024-02-07,23:00,3,45,Unsolved
357,Assault,2024-02-27,10:00,6,38,Solved
358,Cybercrime,2024-08-13,21:00,5,63,Unsolved
359,Theft,2024-03-28,18:00,8,63,Unsolved
360,Robbery,2024-08-29,06:00,1,22,Unsolved
361,Theft,2024-02-14,23:00,6,25,Unsolved
362,Burglary,2024-07-04,10:00,6,97,Unsolved
363,Fraud,2024-10-10,04:00,8,60,Unsolved
364,Robbery,2024-09-03,22:00,6,8,Solved
365,Burglary,2024-02-25,08:00,6,58,Unsolved
366,Fraud,2024-03-04,03:00,3,97,Unsolved
367,Robbery,2024-07-27,17:00,7,79,Solved
368,Fraud,2024-02-26,18:00,4,28,Unsolved
369,Robbery,2024-06-03,21:00,8,32,Solved
370,Theft,2024-02-23,13:00,7,97,Solved
371,Theft,2024-08-28,00:00,4,46,Solved
372,Cybercrime,2024-06-15,22:00,3,38,Solved
373,Robbery,2024-07-05,18:00,1,59,Unsolved
374,Fraud,2024-02-13,09:00,1,43,Solved
375,Fraud,2024-04-15,10:00,6,29,Solved
376,Robbery,2024-01-20,07:00,5,96,Solved
377,Fraud,2024-03-16,10:00,3,21,Solved
378,Burglary,2024-10-20,09:00,5,23,Unsolved
379,Cybercrime,2024-06-11,15:00,3,40,Solved
380,Theft,2024-05-07,09:00,5,2,Solved
381,Theft,2024-02-28,21:00,3,1,Solved
382,Robbery,2024-05-09,11:00,6,13,Solved
383,Burglary,2024-10-23,13:00,7,28,Unsolved
384,Robbery,2024-07-05,03:00,5,6,Solved
385,Burglary,2024-10-07,06:00,2,55,Solved
386,Burglary,2024-06-01,20:00,8,66,Solved
387,Robbery,2024-04-29,03:00,7,26,Solved
388,Theft,2024-07-30,13:00,1,8,Unsolved
389,Cybercrime,2024-09-07,01:00,5,6,Solved
390,Burglary,2024-12-16,19:00,2,59,Unsolved
391,Cybercrime,2024-10-10,04:00,6,99,Unsolved
392,Assault,2024-05-22,01:00,1,20,Solved
393,Robbery,2024-11-30,19:00,5,68,Solved
394,Robbery,2024-06-13,08:00,8,62,Solved
395,Burglary,2024-01-25,13:00,6,30,Solved
396,Fraud,2024-02-26,00:00,1,98,Unsolved
397,Fraud,2024-02-01,15:00,3,90,Unsolved
398,Fraud,2024-06-05,19:00,7,62,Unsolved
399,Fraud,2024-09-09,09:00,3,50,Solved
400,Fraud,2024-11-28,20:00,2,96,Unsolved
401,Theft,2024-05-10,06:00,1,52,Solved
402,Fraud,2024-11-12,21:00,2,73,Unsolved
403,Assault,2024-02-29,13:00,1,12,Unsolved
404,Cybercrime,2024-11-24,04:00,7,74,Solved
405,Fraud,2024-06-17,14:00,2,43,Solved
406,Burglary,2024-05-23,09:00,6,99,Solved
407,Cybercrime,2024-02-07,19:00,7,79,Unsolved
408,Theft,2024-07-29,18:00,1,98,Unsolved
409,Theft,2024-07-07,06:00,5,83,Unsolved
410,Cybercrime,2024-04-10,11:00,5,60,Unsolved
411,Cybercrime,2024-11-12,01:00,6,67,Solved
412,Cybercrime,2024-03-23,17:00,5,34,Unsolved
413,Assault,2024-01-09,05:00,4,7,Unsolved
414,Assault,2024-12-07,09:00,8,39,Solved
415,Burglary,2024-10-22,14:00,5,11,Solved
416,Burglary,2024-08-21,00:00,1,17,Unsolved
417,Cybercrime,2024-09-26,00:00,3,33,Solved
418,Burglary,2024-03-02,18:00,4,14,Unsolved
419,Assault,2024-06-17,09:00,1,86,Solved
420,Burglary,2024-03-14,03:00,7,39,Unsolved
421,Burglary,2024-07-21,21:00,8,16,Unsolved
422,Burglary,2024-07-15,04:00,1,91,Solved
423,Assault,2024-01-25,02:00,2,2,Unsolved
424,Burglary,2024-10-08,01:00,6,48,Unsolved
425,Theft,2024-02-03,08:00,4,96,Solved
426,Robbery,2024-01-19,12:00,5,63,Unsolved
427,Cybercrime,2024-11-30,18:00,4,69,Solved
428,Theft,2024-05-06,00:00,6,36,Unsolved
429,Cybercrime,2024-10-29,01:00,1,2,Unsolved
430,Cybercrime,2024-07-25,03:00,4,85,Solved
431,Fraud,2024-09-20,19:00,8,76,Solved
432,Robbery,2024-11-29,06:00,1,38,Solved
433,Robbery,2024-02-08,23:00,6,57,Solved
434,Fraud,2024-02-19,00:00,2,62,Unsolved
435,Theft,2024-01-15,18:00,4,27,Solved
436,Burglary,2024-09-30,00:00,4,14,Solved
437,Cybercrime,2024-02-15,09:00,2,79,Solved
438,Fraud,2024-07-04,23:00,3,27,Unsolved
439,Robbery,2024-12-30,08:00,2,31,Solved
440,Cybercrime,2024-04-29,12:00,2,46,Unsolved
441,Theft,2024-11-29,01:00,4,72,Solved
442,Robbery,2024-06-03,06:00,6,96,Unsolved
443,Cybercrime,2024-10-14,15:00,7,81,Unsolved
444,Fraud,2024-04-23,02:00,7,15,Unsolved
445,Burglary,2024-05-07,16:00,1,88,Unsolved
446,Robbery,2024-01-24,20:00,2,39,Solved
447,Fraud,2024-10-20,03:00,8,57,Solved
448,Robbery,2024-02-12,06:00,1,90,Unsolved
449,Assault,2024-08-09,00:00,2,16,Solved
450,Burglary,2024-03-30,12:00,6,76,Solved
451,Robbery,2024-07-28,06:00,4,32,Solved
452,Burglary,2024-06-03,19:00,2,55,Unsolved
453,Theft,2024-02-16,13:00,5,59,Solved
454,Burglary,2024-04-19,17:00,2,41,Unsolved
455,Theft,2024-10-07,23:00,2,35,Solved
456,Robbery,2024-06-16,22:00,4,70,Solved
457,Burglary,2024-02-09,20:00,5,31,Solved
458,Theft,2024-05-14,06:00,8,3,Unsolved
459,Cybercrime,2024-12-28,07:00,3,14,Unsolved
460,Burglary,2024-03-09,19:00,4,89,Solved
461,Assault,2024-04-22,08:00,4,17,Unsolved
462,Robbery,2024-02-09,06:00,4,33,Unsolved
463,Robbery,2024-10-29,23:00,4,17,Unsolved
464,Cybercrime,2024-10-04,18:00,1,91,Solved
465,Fraud,2024-11-19,23:00,7,60,Solved
466,Cybercrime,2024-03-14,13:00,5,64,Unsolved
467,Cybercrime,2024-08-16,06:00,5,30,Unsolved
468,Fraud,2024-01-25,23:00,8,94,Solved
469,Robbery,2024-07-18,13:00,6,74,Unsolved
470,Fraud,2024-02-02,03:00,4,35,Unsolved
471,Assault,2024-09-25,22:00,4,29,Unsolved
472,Fraud,2024-12-08,21:00,4,56,Unsolved
473,Burglary,2024-05-15,08:00,8,72,Solved
474,Assault,2024-09-15,22:00,3,46,Unsolved
475,Cybercrime,2024-08-16,23:00,5,50,Solved
476,Cybercrime,2024-01-21,06:00,2,42,Solved
477,Burglary,2024-03-26,16:00,1,41,Unsolved
478,Burglary,2024-04-04,15:00,4,45,Solved
479,Theft,2024-09-30,06:00,5,96,Unsolved
480,Robbery,2024-09-30,01:00,7,5,Unsolved
481,Burglary,2024-06-20,00:00,8,58,Unsolved
482,Burglary,2024-06-29,09:00,8,12,Solved
483,Cybercrime,2024-04-05,01:00,4,55,Solved
484,Burglary,2024-10-08,05:00,6,24,Solved
485,Burglary,2024-04-13,16:00,7,46,Unsolved
486,Theft,2024-08-05,05:00,2,61,Solved
487,Fraud,2024-06-28,01:00,6,7,Unsolved
488,Burglary,2024-03-08,00:00,2,38,Unsolved
489,Cybercrime,2024-06-24,11:00,5,72,Solved
490,Assault,2024-05-07,12:00,3,44,Unsolved
491,Cybercrime,2024-07-18,19:00,6,8,Solved
492,Burglary,2024-01-09,20:00,3,20,Solved
493,Fraud,2024-04-24,18:00,5,44,Unsolved
494,Cybercrime,2024-11-08,06:00,8,30,Solved
495,Burglary,2024-05-17,22:00,2,62,Unsolved
496,Fraud,2024-02-16,22:00,2,67,Unsolved
497,Cybercrime,2024-11-17,12:00,6,65,Unsolved
498,Fraud,2024-04-30,21:00,3,21,Solved
499,Theft,2024-07-09,18:00,8,36,Unsolved
500,Robbery,2024-10-04,19:00,7,75,Solved
501,Theft,2024-09-26,13:00,2,2,Solved
502,Assault,2024-10-10,12:00,8,97,Unsolved
503,Burglary,2024-06-09,11:00,5,78,Solved
504,Theft,2024-08-09,13:00,3,26,Unsolved
505,Theft,2024-04-14,06:00,1,49,Unsolved
506,Theft,2024-09-27,11:00,6,91,Unsolved
507,Assault,2024-02-22,13:00,2,88,Unsolved
508,Fraud,2024-08-27,06:00,1,95,Solved
509,Robbery,2024-12-05,18:00,3,41,Solved
510,Robbery,2024-09-03,08:00,1,100,Unsolved
511,Fraud,2024-08-24,23:00,6,81,Solved
512,Theft,2024-08-05,12:00,3,44,Unsolved
513,Assault,2024-01-25,19:00,5,49,Solved
514,Theft,2024-02-27,21:00,8,29,Solved
515,Theft,2024-05-20,02:00,8,59,Unsolved
516,Cybercrime,2024-01-19,01:00,7,14,Solved
517,Fraud,2024-12-21,20:00,5,25,Solved
518,Cybercrime,2024-01-27,09:00,3,36,Unsolved
519,Robbery,2024-07-24,02:00,7,30,Unsolved
520,Burglary,2024-10-08,12:00,6,43,Solved
521,Theft,2024-01-01,11:00,5,8,Unsolved
522,Fraud,2024-01-15,06:00,1,66,Solved
523,Assault,2024-06-16,17:00,4,79,Solved
524,Burglary,2024-10-02,14:00,3,43,Unsolved
525,Burglary,2024-05-17,17:00,4,100,Unsolved
526,Assault,2024-11-23,21:00,6,24,Unsolved
527,Robbery,2024-06-30,18:00,5,25,Solved
528,Robbery,2024-08-20,14:00,7,27,Unsolved
529,Robbery,2024-03-07,04:00,3,15,Unsolved
530,Cybercrime,2024-10-10,11:00,7,74,Unsolved
531,Theft,2024-09-15,20:00,7,47,Solved
532,Assault,2024-05-05,06:00,6,15,Unsolved
533,Theft,2024-01-20,04:00,8,36,Solved
534,Assault,2024-05-22,03:00,7,22,Unsolved
535,Fraud,2024-09-26,16:00,7,67,Unsolved
536,Fraud,2024-12-19,12:00,4,79,Solved
537,Robbery,2024-05-05,02:00,3,25,Solved
538,Cybercrime,2024-03-23,14:00,4,85,Solved
539,Cybercrime,2024-03-02,22:00,8,24,Solved
540,Fraud,2024-05-19,06:00,1,10,Unsolved
541,Robbery,2024-06-05,13:00,8,95,Solved
542,Cybercrime,2024-08-24,11:00,5,47,Unsolved
543,Theft,2024-01-04,05:00,6,97,Unsolved
544,Cybercrime,2024-01-11,18:00,4,90,Solved
545,Fraud,2024-02-01,15:00,6,1,Unsolved
546,Cybercrime,2024-09-10,08:00,8,24,Solved
547,Robbery,2024-04-18,18:00,1,64,Unsolved
548,Robbery,2024-04-01,21:00,7,24,Solved
549,Assault,2024-08-12,09:00,2,8,Solved
550,Assault,2024-04-12,02:00,1,29,Unsolved
551,Assault,2024-04-24,14:00,3,65,Unsolved
552,Assault,2024-10-12,14:00,2,49,Solved
553,Cybercrime,2024-11-07,06:00,2,15,Solved
554,Robbery,2024-10-12,00:00,5,77,Unsolved
555,Cybercrime,2024-02-03,04:00,4,71,Solved
556,Burglary,2024-02-11,05:00,6,30,Solved
557,Robbery,2024-12-29,10:00,8,50,Unsolved
558,Assault,2024-11-17,08:00,8,73,Solved
559,Assault,2024-04-15,06:00,4,35,Unsolved
560,Cybercrime,2024-06-26,20:00,8,20,Solved
561,Assault,2024-01-26,13:00,5,97,Unsolved
562,Fraud,2024-12-07,03:00,5,25,Unsolved
563,Robbery,2024-06-30,14:00,7,94,Unsolved
564,Burglary,2024-06-25,05:00,6,20,Unsolved
565,Fraud,2024-01-01,17:00,8,91,Unsolved
566,Burglary,2024-10-21,07:00,8,1,Solved
567,Burglary,2024-09-20,02:00,8,79,Solved
568,Fraud,2024-10-04,07:00,4,85,Solved
569,Burglary,2024-09-18,06:00,3,58,Unsolved
570,Theft,2024-01-16,00:00,4,100,Solved
571,Fraud,2024-04-29,10:00,8,67,Unsolved
572,Theft,2024-12-02,04:00,8,29,Unsolved
573,Assault,2024-12-19,12:00,4,83,Unsolved
574,Cybercrime,2024-08-30,09:00,3,6,Solved
575,Theft,2024-06-07,02:00,4,64,Solved
576,Cybercrime,2024-12-22,17:00,7,71,Unsolved
577,Theft,2024-06-09,15:00,4,5,Unsolved
578,Burglary,2024-11-24,01:00,7,30,Solved
579,Robbery,2024-06-21,19:00,4,69,Unsolved
580,Theft,2024-06-17,17:00,2,38,Solved
581,Theft,2024-11-19,21:00,6,99,Unsolved
582,Cybercrime,2024-06-01,02:00,5,45,Unsolved
583,Theft,2024-11-30,18:00,4,54,Unsolved
584,Theft,2024-11-02,08:00,5,50,Unsolved
585,Assault,2024-06-25,23:00,2,14,Solved
586,Theft,2024-10-14,07:00,1,27,Unsolved
587,Cybercrime,2024-09-14,02:00,6,74,Unsolved
588,Assault,2024-01-19,22:00,3,71,Solved
589,Burglary,2024-07-13,05:00,4,96,Unsolved
590,Burglary,2024-09-28,21:00,7,44,Solved
591,Robbery,2024-04-12,22:00,8,5,Unsolved
592,Cybercrime,2024-06-20,09:00,1,12,Solved
593,Theft,2024-06-16,16:00,2,49,Unsolved
594,Assault,2024-10-03,21:00,2,11,Solved
595,Cybercrime,2024-05-09,07:00,8,51,Solved
596,Theft,2024-05-08,01:00,4,94,Solved
597,Burglary,2024-06-22,23:00,5,96,Solved
598,Fraud,2024-08-29,07:00,2,2,Unsolved
599,Assault,2024-04-18,10:00,4,53,Solved
600,Assault,2024-04-30,04:00,1,59,Unsolved
601,Theft,2024-06-03,22:00,1,68,Unsolved
602,Theft,2024-05-15,07:00,2,97,Unsolved
603,Assault,2024-06-29,09:00,2,57,Solved
604,Assault,2024-05-04,13:00,2,58,Unsolved
605,Burglary,2024-05-11,06:00,8,72,Solved
606,Burglary,2024-01-22,12:00,7,93,Solved
607,Cybercrime,2024-03-24,17:00,4,71,Unsolved
608,Burglary,2024-12-01,07:00,8,1,Unsolved
609,Robbery,2024-11-21,08:00,8,40,Solved
610,Cybercrime,2024-09-21,03:00,5,3,Unsolved
611,Fraud,2024-02-13,14:00,6,19,Solved
612,Cybercrime,2024-05-03,02:00,5,73,Solved
613,Burglary,2024-04-05,09:00,2,41,Solved
614,Theft,2024-03-17,11:00,1,31,Solved
615,Fraud,2024-03-13,14:00,5,52,Unsolved
616,Fraud,2024-07-05,17:00,4,58,Unsolved
617,Theft,2024-11-20,00:00,1,63,Unsolved
618,Fraud,2024-02-28,18:00,3,44,Unsolved
619,Fraud,2024-11-04,09:00,5,14,Solved
620,Assault,2024-10-20,19:00,6,35,Solved
621,Theft,2024-02-17,23:00,8,36,Solved
622,Assault,2024-10-06,15:00,4,17,Unsolved
623,Robbery,2024-07-17,13:00,7,63,Unsolved
624,Burglary,2024-09-13,00:00,4,96,Unsolved
625,Assault,2024-08-21,12:00,4,86,Unsolved
626,Robbery,2024-03-28,20:00,6,97,Unsolved
627,Theft,2024-02-29,15:00,5,66,Unsolved
628,Theft,2024-01-09,20:00,5,66,Unsolved
629,Theft,2024-09-15,21:00,5,67,Solved
630,Fraud,2024-05-11,16:00,4,85,Solved
631,Theft,2024-05-22,07:00,5,70,Unsolved
632,Robbery,2024-03-20,04:00,3,79,Solved
633,Assault,2024-07-14,09:00,3,65,Unsolved
634,Robbery,2024-02-04,04:00,5,43,Unsolved
635,Theft,2024-12-03,13:00,8,29,Unsolved
636,Fraud,2024-02-12,18:00,3,1,Unsolved
637,Cybercrime,2024-06-11,16:00,6,95,Solved
638,Burglary,2024-03-19,20:00,5,56,Solved
639,Fraud,2024-12-29,05:00,3,25,Solved
640,Cybercrime,2024-11-12,22:00,3,27,Solved
641,Assault,2024-03-08,12:00,1,4,Unsolved
642,Cybercrime,2024-06-19,12:00,6,19,Solved
643,Burglary,2024-06-18,09:00,5,12,Solved
644,Assault,2024-07-15,18:00,8,86,Unsolved
645,Assault,2024-04-18,12:00,6,96,Unsolved
646,Cybercrime,2024-12-25,11:00,1,11,Unsolved
647,Fraud,2024-06-18,16:00,2,66,Unsolved
648,Cybercrime,2024-06-16,06:00,5,91,Solved
649,Theft,2024-07-27,03:00,4,13,Solved
650,Robbery,2024-09-07,01:00,1,8,Unsolved
651,Robbery,2024-11-19,14:00,2,60,Solved
652,Fraud,2024-01-14,17:00,1,52,Solved
653,Fraud,2024-01-26,17:00,6,77,Solved
654,Robbery,2024-02-08,18:00,5,23,Solved
655,Theft,2024-07-22,06:00,6,34,Solved
656,Theft,2024-09-18,09:00,3,19,Solved
657,Burglary,2024-08-30,18:00,4,37,Unsolved
658,Robbery,2024-04-02,13:00,1,47,Solved
659,Robbery,2024-10-22,12:00,1,23,Unsolved
660,Burglary,2024-03-14,16:00,5,33,Unsolved
661,Cybercrime,2024-01-15,05:00,5,54,Unsolved
662,Assault,2024-02-17,20:00,2,44,Solved
663,Theft,2024-03-12,16:00,5,95,Unsolved
664,Burglary,2024-05-09,03:00,7,31,Unsolved
665,Cybercrime,2024-07-17,07:00,2,31,Unsolved
666,Assault,2024-03-01,06:00,8,16,Solved
667,Fraud,2024-08-19,01:00,6,97,Solved
668,Burglary,2024-09-28,00:00,3,33,Unsolved
669,Burglary,2024-05-02,02:00,2,85,Unsolved
670,Assault,2024-04-07,05:00,4,41,Unsolved
671,Theft,2024-08-27,23:00,3,32,Unsolved
672,Robbery,2024-04-13,00:00,2,35,Unsolved
673,Theft,2024-12-20,22:00,3,66,Solved
674,Assault,2024-02-23,14:00,1,35,Unsolved
675,Assault,2024-11-21,04:00,2,75,Unsolved
676,Cybercrime,2024-02-08,09:00,3,16,Unsolved
677,Burglary,2024-02-19,15:00,8,92,Solved
678,Cybercrime,2024-07-28,22:00,7,9,Solved
679,Cybercrime,2024-07-05,12:00,5,18,Solved
680,Robbery,2024-05-20,03:00,1,76,Solved
681,Robbery,2024-03-16,15:00,3,61,Solved
682,Fraud,2024-06-30,18:00,4,72,Unsolved
683,Cybercrime,2024-01-25,02:00,2,25,Unsolved
684,Fraud,2024-08-11,20:00,8,90,Solved
685,Fraud,2024-01-23,14:00,6,34,Solved
686,Cybercrime,2024-04-19,03:00,1,65,Solved
687,Fraud,2024-06-10,06:00,2,80,Solved
688,Burglary,2024-12-09,08:00,8,48,Unsolved
689,Robbery,2024-04-13,20:00,6,90,Solved
690,Assault,2024-08-25,02:00,8,34,Unsolved
691,Burglary,2024-06-12,14:00,3,68,Solved
692,Assault,2024-09-07,14:00,4,53,Solved
693,Cybercrime,2024-06-22,16:00,8,94,Unsolved
694,Assault,2024-09-21,15:00,7,54,Solved
695,Robbery,2024-06-18,12:00,7,79,Unsolved
696,Assault,2024-08-22,22:00,2,68,Unsolved
697,Burglary,2024-05-22,21:00,8,98,Unsolved
698,Theft,2024-08-23,05:00,7,58,Solved
699,Robbery,2024-03-03,14:00,3,81,Unsolved
700,Theft,2024-06-07,02:00,5,54,Solved
701,Robbery,2024-06-14,09:00,2,28,Unsolved
702,Assault,2024-04-07,21:00,8,99,Solved
703,Fraud,2024-04-19,11:00,1,47,Unsolved
704,Theft,2024-10-22,19:00,4,54,Solved
705,Fraud,2024-05-18,00:00,6,56,Solved
706,Robbery,2024-03-08,19:00,8,70,Unsolved
707,Robbery,2024-02-24,03:00,5,20,Solved
708,Assault,2024-03-18,12:00,4,73,Solved
709,Theft,2024-05-02,06:00,5,91,Solved
710,Assault,2024-06-22,06:00,3,90,Unsolved
711,Robbery,2024-07-20,08:00,8,10,Unsolved
712,Assault,2024-04-18,06:00,7,16,Solved
713,Burglary,2024-05-03,20:00,6,93,Solved
714,Theft,2024-08-20,17:00,3,36,Solved
715,Fraud,2024-05-31,11:00,5,67,Unsolved
716,Cybercrime,2024-03-22,10:00,6,9,Solved
717,Assault,2024-11-16,02:00,8,89,Solved
718,Assault,2024-12-25,16:00,3,96,Unsolved
719,Assault,2024-12-03,01:00,6,80,Solved
720,Fraud,2024-03-22,09:00,2,70,Solved
721,Robbery,2024-02-02,16:00,4,85,Unsolved
722,Theft,2024-01-31,08:00,7,55,Unsolved
723,Fraud,2024-05-02,00:00,8,37,Unsolved
724,Cybercrime,2024-12-18,17:00,6,85,Solved
725,Cybercrime,2024-08-03,13:00,8,81,Unsolved
726,Theft,2024-04-13,11:00,2,9,Solved
727,Robbery,2024-06-14,02:00,3,8,Unsolved
728,Fraud,2024-07-13,05:00,8,25,Solved
729,Burglary,2024-06-19,01:00,4,79,Solved
730,Fraud,2024-03-02,07:00,8,9,Unsolved
731,Cybercrime,2024-10-01,06:00,6,10,Solved
732,Theft,2024-06-22,04:00,8,94,Solved
733,Robbery,2024-03-23,00:00,6,81,Solved
734,Fraud,2024-11-22,21:00,4,91,Unsolved
735,Burglary,2024-08-29,21:00,4,13,Solved
736,Assault,2024-11-05,20:00,6,67,Unsolved
737,Theft,2024-10-23,05:00,6,30,Solved
738,Cybercrime,2024-10-22,18:00,3,67,Solved
739,Theft,2024-10-07,19:00,6,25,Unsolved
740,Fraud,2024-06-17,17:00,6,38,Unsolved
741,Fraud,2024-03-13,14:00,8,62,Solved
742,Fraud,2024-09-17,06:00,8,86,Unsolved
743,Theft,2024-01-30,14:00,3,47,Solved
744,Burglary,2024-06-12,16:00,6,91,Unsolved
745,Assault,2024-02-18,12:00,7,49,Unsolved
746,Cybercrime,2024-10-30,12:00,2,31,Solved
747,Assault,2024-09-13,17:00,1,68,Solved
748,Assault,2024-12-01,19:00,5,20,Unsolved
749,Burglary,2024-05-15,14:00,2,44,Solved
750,Fraud,2024-09-22,21:00,4,2,Solved
751,Assault,2024-01-25,23:00,4,88,Solved
752,Assault,2024-11-03,21:00,3,81,Unsolved
753,Fraud,2024-12-07,13:00,6,82,Solved
754,Cybercrime,2024-12-13,10:00,2,32,Unsolved
755,Cybercrime,2024-04-25,02:00,7,16,Solved
756,Fraud,2024-11-27,03:00,2,89,Solved
757,Robbery,2024-12-03,06:00,2,71,Solved
758,Burglary,2024-10-23,17:00,2,4,Unsolved
759,Assault,2024-09-25,06:00,6,69,Solved
760,Robbery,2024-01-28,23:00,3,49,Unsolved
761,Cybercrime,2024-09-04,21:00,2,54,Unsolved
762,Burglary,2024-03-05,19:00,3,35,Solved
763,Burglary,2024-05-24,19:00,4,75,Unsolved
764,Cybercrime,2024-09-04,12:00,8,24,Unsolved
765,Cybercrime,2024-12-12,06:00,8,10,Solved
766,Theft,2024-07-06,16:00,5,10,Solved
767,Fraud,2024-08-06,10:00,2,83,Unsolved
768,Assault,2024-04-05,02:00,8,9,Solved
769,Robbery,2024-02-07,04:00,7,72,Solved
770,Assault,2024-06-16,00:00,5,42,Solved
771,Robbery,2024-11-22,11:00,5,88,Unsolved
772,Assault,2024-10-06,10:00,6,47,Unsolved
773,Burglary,2024-10-13,05:00,2,75,Unsolved
774,Burglary,2024-07-10,11:00,7,70,Unsolved
775,Fraud,2024-08-06,05:00,3,98,Solved
776,Theft,2024-10-31,05:00,2,98,Unsolved
777,Robbery,2024-02-14,22:00,5,56,Unsolved
778,Theft,2024-01-17,00:00,4,60,Unsolved
779,Cybercrime,2024-07-06,06:00,8,2,Solved
780,Robbery,2024-03-31,22:00,6,9,Unsolved
781,Assault,2024-04-29,12:00,2,64,Solved
782,Burglary,2024-10-31,14:00,4,80,Unsolved
783,Theft,2024-01-18,21:00,2,79,Unsolved
784,Cybercrime,2024-08-18,14:00,6,48,Unsolved
785,Fraud,2024-11-03,21:00,2,93,Unsolved
786,Theft,2024-02-18,13:00,2,62,Solved
787,Assault,2024-09-19,14:00,3,13,Solved
788,Fraud,2024-07-23,17:00,2,36,Solved
789,Fraud,2024-09-07,02:00,5,35,Solved
790,Cybercrime,2024-12-29,21:00,7,100,Solved
791,Fraud,2024-09-10,04:00,1,17,Solved
792,Cybercrime,2024-07-13,20:00,7,99,Unsolved
793,Burglary,2024-08-31,02:00,6,12,Unsolved
794,Cybercrime,2024-06-12,13:00,5,16,Solved
795,Assault,2024-06-21,15:00,7,82,Unsolved
796,Fraud,2024-09-03,18:00,5,89,Solved
797,Cybercrime,2024-08-14,07:00,3,75,Unsolved
798,Fraud,2024-01-01,22:00,5,46,Solved
799,Cybercrime,2024-04-27,05:00,2,76,Unsolved
800,Cybercrime,2024-12-25,18:00,1,78,Solved
801,Robbery,2024-06-15,23:00,7,100,Solved
802,Assault,2024-05-26,19:00,1,95,Solved
803,Assault,2024-10-19,20:00,2,6,Solved
804,Cybercrime,2024-10-31,04:00,6,49,Unsolved
805,Theft,2024-04-27,07:00,7,69,Unsolved
806,Assault,2024-08-31,20:00,2,69,Unsolved
807,Theft,2024-04-10,14:00,1,54,Solved
808,Assault,2024-05-11,19:00,2,49,Solved
809,Fraud,2024-12-10,02:00,6,11,Unsolved
810,Assault,2024-11-09,02:00,3,47,Solved
811,Theft,2024-09-29,00:00,6,1,Solved
812,Burglary,2024-12-09,04:00,5,87,Solved
813,Theft,2024-11-15,08:00,7,62,Solved
814,Cybercrime,2024-03-27,23:00,6,62,Unsolved
815,Theft,2024-01-22,00:00,5,46,Unsolved
816,Theft,2024-04-22,11:00,6,55,Solved
817,Fraud,2024-02-03,11:00,6,94,Unsolved
818,Burglary,2024-12-16,05:00,5,16,Unsolved
819,Assault,2024-10-14,00:00,7,64,Solved
820,Burglary,2024-11-20,04:00,8,17,Solved
821,Cybercrime,2024-06-15,06:00,2,66,Unsolved
822,Burglary,2024-03-12,23:00,6,40,Unsolved
823,Fraud,2024-04-11,14:00,7,98,Solved
824,Fraud,2024-07-16,09:00,2,37,Unsolved
825,Cybercrime,2024-04-12,20:00,3,85,Unsolved
826,Assault,2024-02-23,04:00,2,21,Unsolved
827,Burglary,2024-09-25,11:00,6,67,Solved
828,Burglary,2024-04-10,18:00,7,46,Solved
829,Fraud,2024-08-12,03:00,2,46,Unsolved
830,Fraud,2024-02-16,18:00,5,66,Unsolved
831,Burglary,2024-06-17,02:00,2,78,Unsolved
832,Cybercrime,2024-09-30,02:00,7,100,Unsolved
833,Fraud,2024-08-09,21:00,6,8,Unsolved
834,Burglary,2024-07-25,11:00,4,39,Solved
835,Burglary,2024-03-02,18:00,2,20,Unsolved
836,Burglary,2024-02-05,12:00,1,53,Unsolved
837,Assault,2024-11-10,05:00,3,60,Unsolved
838,Cybercrime,2024-08-15,05:00,4,33,Solved
839,Burglary,2024-06-08,00:00,4,29,Solved
840,Robbery,2024-01-31,00:00,5,25,Unsolved
841,Theft,2024-06-25,00:00,4,39,Solved
842,Assault,2024-01-31,13:00,3,89,Solved
843,Theft,2024-04-06,21:00,4,73,Unsolved
844,Robbery,2024-08-12,05:00,8,91,Solved
845,Robbery,2024-10-03,02:00,3,94,Unsolved
846,Assault,2024-04-28,14:00,5,68,Solved
847,Cybercrime,2024-12-29,13:00,4,79,Unsolved
848,Robbery,2024-12-29,17:00,1,86,Unsolved
849,Burglary,2024-11-26,22:00,6,2,Unsolved
850,Fraud,2024-02-05,16:00,6,43,Solved
851,Burglary,2024-03-14,20:00,7,54,Solved
852,Fraud,2024-07-03,18:00,7,3,Unsolved
853,Theft,2024-03-12,08:00,1,12,Solved
854,Burglary,2024-07-14,16:00,2,75,Solved
855,Fraud,2024-11-01,10:00,4,61,Solved
856,Robbery,2024-03-02,23:00,7,92,Solved
857,Theft,2024-12-04,00:00,1,90,Unsolved
858,Cybercrime,2024-08-14,08:00,2,100,Unsolved
859,Assault,2024-08-03,01:00,4,42,Solved
860,Fraud,2024-02-17,12:00,5,11,Unsolved
861,Robbery,2024-01-01,08:00,1,57,Solved
862,Assault,2024-03-06,20:00,4,14,Solved
863,Robbery,2024-05-07,21:00,3,78,Unsolved
864,Cybercrime,2024-10-04,21:00,4,19,Solved
865,Fraud,2024-02-09,14:00,3,26,Unsolved
866,Assault,2024-03-17,02:00,1,3,Unsolved
867,Robbery,2024-05-01,14:00,3,97,Unsolved
868,Burglary,2024-11-12,14:00,7,1,Solved
869,Burglary,2024-06-17,14:00,7,98,Solved
870,Assault,2024-03-18,18:00,4,87,Unsolved
871,Cybercrime,2024-10-26,17:00,4,29,Solved
872,Cybercrime,2024-03-24,18:00,3,100,Solved
873,Fraud,2024-11-11,05:00,6,91,Unsolved
874,Cybercrime,2024-03-07,14:00,8,3,Solved
875,Assault,2024-03-19,05:00,6,2,Solved
876,Assault,2024-09-06,15:00,1,85,Solved
877,Assault,2024-10-05,16:00,2,94,Unsolved
878,Fraud,2024-05-05,04:00,5,57,Unsolved
879,Cybercrime,2024-05-21,19:00,7,7,Unsolved
880,Theft,2024-04-19,14:00,2,66,Unsolved
881,Cybercrime,2024-01-16,11:00,6,6,Solved
882,Robbery,2024-10-29,03:00,4,10,Unsolved
883,Robbery,2024-06-15,17:00,8,18,Unsolved
884,Burglary,2024-12-29,19:00,8,88,Unsolved
885,Burglary,2024-03-30,22:00,6,18,Solved
886,Fraud,2024-11-06,05:00,8,13,Unsolved
887,Theft,2024-10-10,00:00,8,76,Solved
888,Cybercrime,2024-06-25,16:00,7,6,Solved
889,Fraud,2024-05-23,03:00,1,10,Solved
890,Robbery,2024-07-20,21:00,4,44,Unsolved
891,Robbery,2024-01-30,16:00,6,1,Unsolved
892,Assault,2024-02-19,21:00,8,86,Unsolved
893,Fraud,2024-12-10,13:00,6,89,Unsolved
894,Fraud,2024-03-05,13:00,2,18,Unsolved
895,Burglary,2024-05-21,00:00,2,64,Solved
896,Cybercrime,2024-04-21,19:00,3,27,Solved
897,Cybercrime,2024-11-04,07:00,2,29,Solved
898,Assault,2024-12-16,21:00,4,88,Unsolved
899,Robbery,2024-11-11,04:00,6,2,Solved
900,Burglary,2024-10-17,10:00,4,78,Unsolved
901,Burglary,2024-05-11,04:00,8,34,Unsolved
902,Cybercrime,2024-12-02,07:00,3,81,Solved
903,Robbery,2024-04-02,19:00,3,16,Unsolved
904,Assault,2024-05-01,05:00,3,48,Solved
905,Theft,2024-05-17,15:00,7,78,Unsolved
906,Fraud,2024-08-16,12:00,4,74,Solved
907,Theft,2024-10-21,01:00,3,38,Solved
908,Burglary,2024-09-30,21:00,2,25,Solved
909,Fraud,2024-05-21,00:00,8,26,Solved
910,Burglary,2024-10-25,23:00,3,5,Solved
911,Cybercrime,2024-04-25,06:00,4,16,Unsolved
912,Assault,2024-09-22,02:00,6,95,Solved
913,Burglary,2024-01-26,08:00,3,55,Solved
914,Fraud,2024-02-27,05:00,5,26,Unsolved
915,Burglary,2024-07-28,21:00,3,33,Unsolved
916,Theft,2024-02-21,03:00,3,48,Solved
917,Theft,2024-07-16,11:00,3,8,Unsolved
918,Robbery,2024-11-05,15:00,1,59,Unsolved
919,Theft,2024-04-21,03:00,2,47,Unsolved
920,Fraud,2024-12-11,06:00,4,76,Solved
921,Fraud,2024-11-21,15:00,5,62,Unsolved
922,Theft,2024-09-05,11:00,3,49,Solved
923,Burglary,2024-06-06,14:00,8,68,Solved
924,Fraud,2024-12-12,16:00,3,81,Unsolved
925,Burglary,2024-07-02,04:00,8,5,Solved
926,Robbery,2024-05-02,19:00,8,58,Unsolved
927,Assault,2024-01-11,23:00,7,55,Solved
928,Burglary,2024-04-21,08:00,8,19,Unsolved
929,Fraud,2024-04-28,05:00,8,98,Solved
930,Robbery,2024-06-08,18:00,7,49,Unsolved
931,Assault,2024-07-16,21:00,1,27,Unsolved
932,Fraud,2024-06-24,17:00,6,27,Solved
933,Burglary,2024-06-25,05:00,4,25,Solved
934,Assault,2024-02-10,15:00,3,64,Unsolved
935,Cybercrime,2024-06-02,12:00,7,33,Solved
936,Cybercrime,2024-03-13,22:00,1,43,Unsolved
937,Fraud,2024-09-08,10:00,5,31,Solved
938,Assault,2024-03-28,12:00,6,3,Solved
939,Robbery,2024-06-26,10:00,2,80,Solved
940,Burglary,2024-05-02,06:00,4,26,Unsolved
941,Theft,2024-03-29,00:00,2,11,Solved
942,Cybercrime,2024-05-11,08:00,8,29,Unsolved
943,Fraud,2024-10-07,18:00,5,15,Unsolved
944,Fraud,2024-01-21,08:00,4,33,Solved
945,Cybercrime,2024-08-03,02:00,1,7,Unsolved
946,Burglary,2024-01-10,08:00,6,72,Solved
947,Cybercrime,2024-05-19,01:00,8,96,Unsolved
948,Robbery,2024-10-04,15:00,2,44,Unsolved
949,Burglary,2024-03-28,20:00,7,36,Solved
950,Robbery,2024-07-11,11:00,2,46,Unsolved
951,Cybercrime,2024-04-23,04:00,2,93,Solved
952,Assault,2024-03-19,06:00,1,29,Solved
953,Fraud,2024-03-28,17:00,3,28,Unsolved
954,Fraud,2024-11-23,03:00,8,16,Unsolved
955,Robbery,2024-03-27,20:00,5,10,Solved
956,Burglary,2024-07-29,23:00,3,95,Solved
957,Theft,2024-12-28,06:00,8,32,Solved
958,Fraud,2024-04-25,08:00,8,54,Solved
959,Cybercrime,2024-02-12,07:00,2,71,Solved
960,Fraud,2024-10-17,22:00,2,22,Unsolved
961,Burglary,2024-09-08,11:00,1,67,Unsolved
962,Burglary,2024-07-13,23:00,2,61,Unsolved
963,Robbery,2024-11-09,18:00,3,38,Unsolved
964,Fraud,2024-08-23,14:00,5,98,Solved
965,Cybercrime,2024-04-10,22:00,6,58,Unsolved
966,Fraud,2024-05-14,13:00,5,72,Unsolved
967,Robbery,2024-03-11,12:00,5,92,Solved
968,Fraud,2024-05-10,06:00,3,58,Unsolved
969,Robbery,2024-12-12,14:00,1,96,Solved
970,Fraud,2024-05-12,13:00,3,91,Unsolved
971,Theft,2024-05-08,19:00,2,21,Solved
972,Theft,2024-01-09,23:00,1,95,Solved
973,Cybercrime,2024-05-31,20:00,1,6,Solved
974,Fraud,2024-09-07,01:00,1,2,Unsolved
975,Robbery,2024-05-23,20:00,5,27,Unsolved
976,Burglary,2024-01-12,22:00,7,8,Solved
977,Theft,2024-08-27,02:00,1,62,Unsolved
978,Robbery,2024-04-25,19:00,6,4,Solved
979,Burglary,2024-02-23,23:00,6,30,Unsolved
980,Robbery,2024-03-31,05:00,8,22,Solved
981,Robbery,2024-10-30,16:00,8,89,Solved
982,Cybercrime,2024-09-03,23:00,1,60,Unsolved
983,Assault,2024-03-01,03:00,6,92,Solved
984,Theft,2024-12-10,07:00,6,99,Unsolved
985,Burglary,2024-12-05,16:00,5,59,Unsolved
986,Cybercrime,2024-09-10,04:00,8,13,Solved
987,Burglary,2024-11-21,20:00,3,17,Unsolved
988,Cybercrime,2024-09-01,15:00,3,3,Unsolved
989,Fraud,2024-06-15,11:00,1,1,Unsolved
990,Burglary,2024-03-24,15:00,3,72,Solved
991,Theft,2024-03-15,18:00,7,32,Unsolved
992,Assault,2024-02-17,20:00,7,43,Solved
993,Robbery,2024-01-06,15:00,6,59,Unsolved
994,Robbery,2024-02-29,20:00,4,29,Solved
995,Cybercrime,2024-09-09,03:00,6,93,Solved
996,Theft,2024-08-23,22:00,7,41,Unsolved
997,Burglary,2024-02-05,09:00,3,32,Solved
998,Assault,2024-11-03,00:00,3,75,Solved
999,Cybercrime,2024-11-25,23:00,5,35,Solved
1000,Robbery,2024-09-02,13:00,8,41,Solved
1001,Robbery,2024-09-25,07:00,5,26,Solved
1002,Assault,2024-05-24,09:00,4,57,Solved
1003,Assault,2024-09-22,10:00,4,74,Solved
1004,Burglary,2024-12-06,04:00,1,77,Unsolved
1005,Robbery,2024-11-10,07:00,3,2,Solved
1006,Burglary,2024-08-19,20:00,1,13,Unsolved
1007,Burglary,2024-10-04,18:00,1,54,Solved
1008,Robbery,2024-10-30,11:00,7,85,Solved
1009,Cybercrime,2024-11-23,02:00,1,61,Unsolved
1010,Robbery,2024-11-08,08:00,5,45,Solved
1011,Theft,2024-11-03,21:00,8,40,Unsolved
1012,Fraud,2024-03-08,19:00,2,56,Solved
1013,Burglary,2024-12-14,05:00,5,90,Solved
1014,Robbery,2024-02-20,10:00,5,68,Unsolved
1015,Burglary,2024-02-23,16:00,2,65,Unsolved
1016,Robbery,2024-12-01,03:00,3,42,Unsolved
1017,Robbery,2024-12-30,05:00,6,96,Solved
1018,Robbery,2024-08-08,04:00,4,47,Unsolved
1019,Fraud,2024-12-29,01:00,2,19,Unsolved
1020,Burglary,2024-06-16,21:00,8,46,Solved
1021,Theft,2024-03-21,16:00,3,87,Solved
1022,Robbery,2024-12-04,12:00,1,94,Unsolved
1023,Fraud,2024-12-04,19:00,5,11,Solved
1024,Fraud,2024-05-10,06:00,5,34,Unsolved
1025,Robbery,2024-10-13,21:00,7,57,Unsolved
1026,Assault,2024-08-22,08:00,7,32,Unsolved
1027,Burglary,2024-04-24,14:00,6,4,Unsolved
1028,Theft,2024-03-26,09:00,7,21,Solved
1029,Fraud,2024-08-20,01:00,7,35,Solved
1030,Assault,2024-06-24,14:00,3,67,Unsolved
1031,Fraud,2024-08-23,04:00,4,96,Solved
1032,Assault,2024-02-11,06:00,7,25,Unsolved
1033,Theft,2024-02-11,21:00,4,75,Solved
1034,Fraud,2024-07-26,16:00,4,40,Solved
1035,Assault,2024-02-14,08:00,2,73,Solved
1036,Fraud,2024-12-22,12:00,5,88,Unsolved
1037,Robbery,2024-04-24,13:00,5,7,Solved
1038,Theft,2024-10-16,19:00,6,34,Solved
1039,Cybercrime,2024-01-16,14:00,3,52,Unsolved
1040,Robbery,2024-01-28,03:00,4,84,Solved
1041,Cybercrime,2024-10-20,16:00,3,23,Solved
1042,Theft,2024-05-13,22:00,7,17,Unsolved
1043,Burglary,2024-11-16,09:00,2,16,Solved
1044,Theft,2024-02-04,22:00,4,82,Unsolved
1045,Fraud,2024-04-21,01:00,4,70,Unsolved
1046,Fraud,2024-10-25,02:00,8,70,Solved
1047,Robbery,2024-03-28,16:00,8,66,Solved
1048,Fraud,2024-10-27,14:00,2,78,Solved
1049,Fraud,2024-04-14,22:00,7,64,Unsolved
1050,Assault,2024-08-06,19:00,5,56,Unsolved
1051,Cybercrime,2024-10-25,10:00,4,97,Unsolved
1052,Cybercrime,2024-05-05,09:00,5,70,Solved
1053,Theft,2024-09-02,19:00,7,52,Solved
1054,Fraud,2024-06-29,14:00,5,55,Solved
1055,Robbery,2024-03-29,21:00,3,10,Solved
1056,Cybercrime,2024-12-02,18:00,2,17,Unsolved
1057,Fraud,2024-09-15,08:00,6,53,Unsolved
1058,Burglary,2024-03-05,07:00,8,26,Unsolved
1059,Cybercrime,2024-03-14,11:00,6,22,Solved
1060,Assault,2024-04-11,11:00,8,58,Unsolved
1061,Fraud,2024-08-11,09:00,4,26,Solved
1062,Robbery,2024-06-08,08:00,7,50,Unsolved
1063,Cybercrime,2024-02-01,19:00,7,52,Unsolved
1064,Cybercrime,2024-10-22,15:00,5,47,Solved
1065,Fraud,2024-01-15,16:00,7,95,Solved
1066,Burglary,2024-01-03,05:00,5,90,Solved
1067,Robbery,2024-02-17,03:00,1,33,Unsolved
1068,Assault,2024-02-05,00:00,8,38,Solved
1069,Cybercrime,2024-02-02,16:00,5,39,Solved
1070,Cybercrime,2024-02-02,04:00,1,4,Unsolved
1071,Fraud,2024-10-25,19:00,2,3,Unsolved
1072,Theft,2024-09-02,13:00,3,38,Unsolved
1073,Burglary,2024-12-05,04:00,3,6,Unsolved
1074,Fraud,2024-06-05,14:00,1,7,Unsolved
1075,Assault,2024-08-07,13:00,5,63,Unsolved
1076,Theft,2024-01-12,04:00,4,87,Solved
1077,Theft,2024-12-29,05:00,7,90,Unsolved
1078,Theft,2024-06-15,02:00,8,44,Solved
1079,Robbery,2024-01-17,09:00,2,25,Unsolved
1080,Robbery,2024-07-03,11:00,8,95,Unsolved
1081,Fraud,2024-09-07,23:00,5,67,Unsolved
1082,Theft,2024-05-17,10:00,3,36,Unsolved
1083,Cybercrime,2024-07-11,19:00,1,88,Solved
1084,Cybercrime,2024-07-30,09:00,8,87,Solved
1085,Fraud,2024-10-09,14:00,6,64,Solved
1086,Assault,2024-01-03,04:00,7,17,Unsolved
1087,Fraud,2024-02-08,08:00,7,95,Unsolved
1088,Cybercrime,2024-08-01,08:00,2,28,Unsolved
1089,Burglary,2024-12-08,01:00,4,44,Unsolved
1090,Fraud,2024-11-05,12:00,2,11,Unsolved
1091,Fraud,2024-06-08,18:00,3,83,Unsolved
1092,Theft,2024-06-07,22:00,2,45,Solved
1093,Theft,2024-02-06,03:00,7,37,Unsolved
1094,Assault,2024-09-28,19:00,1,8,Solved
1095,Robbery,2024-08-08,21:00,8,77,Solved
1096,Burglary,2024-06-24,07:00,2,43,Solved
1097,Burglary,2024-03-14,11:00,4,44,Solved
1098,Assault,2024-10-27,09:00,7,16,Solved
1099,Cybercrime,2024-01-05,06:00,2,75,Solved
1100,Fraud,2024-11-18,00:00,3,32,Solved
1101,Burglary,2024-02-13,06:00,7,49,Solved
1102,Cybercrime,2024-04-22,06:00,6,87,Unsolved
1103,Fraud,2024-04-13,21:00,4,11,Unsolved
1104,Robbery,2024-08-27,22:00,4,22,Unsolved
1105,Robbery,2024-10-01,20:00,4,92,Solved
1106,Burglary,2024-04-22,19:00,7,24,Unsolved
1107,Cybercrime,2024-02-29,11:00,2,45,Solved
1108,Fraud,2024-12-12,20:00,3,25,Unsolved
1109,Cybercrime,2024-10-12,10:00,5,27,Unsolved
1110,Assault,2024-05-17,00:00,4,86,Solved
1111,Burglary,2024-08-06,18:00,8,27,Solved
1112,Theft,2024-08-16,04:00,7,43,Unsolved
1113,Robbery,2024-09-21,10:00,4,97,Unsolved
1114,Burglary,2024-12-13,17:00,6,18,Solved
1115,Cybercrime,2024-05-22,21:00,7,76,Solved
1116,Theft,2024-03-28,10:00,2,18,Solved
1117,Fraud,2024-03-13,15:00,3,100,Solved
1118,Fraud,2024-06-18,07:00,5,43,Solved
1119,Assault,2024-01-31,22:00,1,53,Unsolved
1120,Assault,2024-06-16,04:00,2,54,Unsolved
1121,Robbery,2024-10-16,07:00,8,74,Unsolved
1122,Burglary,2024-03-15,04:00,1,88,Unsolved
1123,Fraud,2024-09-05,19:00,3,97,Solved
1124,Cybercrime,2024-01-20,13:00,1,41,Solved
1125,Assault,2024-04-19,12:00,2,7,Unsolved
1126,Assault,2024-12-26,19:00,8,1,Solved
1127,Theft,2024-09-10,12:00,3,4,Solved
1128,Burglary,2024-08-22,19:00,5,80,Solved
1129,Assault,2024-12-19,20:00,4,94,Solved
1130,Burglary,2024-11-16,04:00,6,33,Unsolved
1131,Cybercrime,2024-05-08,09:00,6,35,Unsolved
1132,Cybercrime,2024-04-23,22:00,2,28,Solved
1133,Burglary,2024-08-17,19:00,5,13,Solved
1134,Assault,2024-03-10,14:00,2,84,Solved
1135,Burglary,2024-06-27,11:00,5,94,Unsolved
1136,Burglary,2024-05-03,21:00,1,91,Solved
1137,Theft,2024-01-19,10:00,1,6,Solved
1138,Fraud,2024-12-23,04:00,2,58,Solved
1139,Robbery,2024-03-09,10:00,5,51,Solved
1140,Cybercrime,2024-07-14,20:00,6,35,Solved
1141,Assault,2024-04-17,03:00,3,86,Unsolved
1142,Theft,2024-03-15,23:00,6,45,Solved
1143,Assault,2024-11-21,08:00,8,96,Solved
1144,Fraud,2024-07-02,13:00,3,28,Solved
1145,Cybercrime,2024-03-06,00:00,1,71,Solved
1146,Theft,2024-07-28,22:00,1,90,Solved
1147,Burglary,2024-04-18,06:00,7,18,Unsolved
1148,Burglary,2024-11-02,15:00,2,49,Solved
1149,Cybercrime,2024-06-25,15:00,3,66,Solved
1150,Burglary,2024-04-28,05:00,7,20,Unsolved
1151,Assault,2024-09-17,14:00,7,64,Unsolved
1152,Theft,2024-02-20,10:00,8,27,Unsolved
1153,Fraud,2024-07-03,07:00,4,33,Unsolved
1154,Cybercrime,2024-06-15,18:00,5,2,Solved
1155,Fraud,2024-05-18,17:00,8,85,Solved
1156,Burglary,2024-08-10,14:00,5,16,Solved
1157,Fraud,2024-09-02,05:00,4,79,Unsolved
1158,Burglary,2024-06-01,23:00,1,83,Solved
1159,Cybercrime,2024-06-16,12:00,7,56,Unsolved
1160,Theft,2024-02-28,23:00,2,53,Solved
1161,Fraud,2024-07-02,09:00,6,57,Unsolved
1162,Fraud,2024-01-01,21:00,7,23,Unsolved
1163,Theft,2024-02-08,03:00,6,58,Solved
1164,Robbery,2024-03-26,18:00,5,100,Solved
1165,Fraud,2024-08-11,17:00,4,76,Unsolved
1166,Theft,2024-07-20,20:00,5,64,Solved
1167,Cybercrime,2024-11-01,20:00,8,100,Solved
1168,Fraud,2024-11-07,16:00,5,32,Unsolved
1169,Burglary,2024-09-19,19:00,6,44,Unsolved
1170,Burglary,2024-10-12,06:00,1,96,Solved
1171,Theft,2024-04-15,01:00,8,35,Solved
1172,Fraud,2024-06-05,22:00,5,76,Unsolved
1173,Robbery,2024-02-11,16:00,5,97,Unsolved
1174,Theft,2024-04-13,02:00,1,57,Solved
1175,Theft,2024-08-08,22:00,6,2,Unsolved
1176,Fraud,2024-01-25,17:00,3,50,Unsolved
1177,Assault,2024-04-20,07:00,4,86,Unsolved
1178,Fraud,2024-08-05,18:00,8,41,Unsolved
1179,Robbery,2024-07-16,10:00,6,65,Solved
1180,Fraud,2024-05-23,14:00,5,51,Unsolved
1181,Cybercrime,2024-08-15,17:00,4,57,Solved
1182,Theft,2024-02-16,07:00,2,33,Solved
1183,Burglary,2024-10-27,20:00,1,63,Solved
1184,Robbery,2024-10-02,22:00,5,85,Unsolved
1185,Theft,2024-03-24,14:00,7,24,Solved
1186,Fraud,2024-03-15,02:00,8,71,Unsolved
1187,Assault,2024-12-01,18:00,1,89,Unsolved
1188,Theft,2024-10-27,16:00,1,42,Unsolved
1189,Assault,2024-08-14,11:00,3,39,Solved
1190,Robbery,2024-08-31,15:00,6,27,Unsolved
1191,Theft,2024-05-20,11:00,5,2,Solved
1192,Burglary,2024-09-07,13:00,7,1,Unsolved
1193,Assault,2024-02-19,13:00,4,37,Unsolved
1194,Robbery,2024-08-03,06:00,3,37,Solved
1195,Fraud,2024-04-02,00:00,5,42,Unsolved
1196,Robbery,2024-03-19,07:00,5,89,Solved
1197,Assault,2024-04-17,12:00,1,17,Unsolved
1198,Theft,2024-01-03,22:00,7,69,Solved
1199,Assault,2024-11-21,16:00,1,54,Unsolved
1200,Fraud,2024-08-12,09:00,8,22,Unsolved
1201,Cybercrime,2024-05-10,20:00,4,93,Solved
1202,Burglary,2024-10-03,21:00,6,24,Solved
1203,Fraud,2024-02-26,07:00,4,92,Unsolved
1204,Theft,2024-04-15,07:00,8,50,Unsolved
1205,Burglary,2024-02-07,18:00,7,52,Unsolved
1206,Burglary,2024-01-27,00:00,4,70,Unsolved
1207,Robbery,2024-05-29,14:00,7,54,Solved
1208,Assault,2024-09-16,04:00,7,1,Unsolved
1209,Cybercrime,2024-07-09,18:00,4,61,Unsolved
1210,Theft,2024-01-10,03:00,8,13,Solved
1211,Burglary,2024-11-06,21:00,3,20,Solved
1212,Assault,2024-06-05,11:00,7,28,Solved
1213,Assault,2024-09-19,15:00,5,13,Solved
1214,Assault,2024-05-04,18:00,8,88,Solved
1215,Theft,2024-06-21,15:00,2,17,Solved
1216,Fraud,2024-08-27,23:00,5,70,Unsolved
1217,Assault,2024-07-14,17:00,6,97,Solved
1218,Robbery,2024-06-09,22:00,6,90,Solved
1219,Burglary,2024-03-10,10:00,7,33,Solved
1220,Robbery,2024-03-31,01:00,5,95,Unsolved
1221,Assault,2024-01-16,03:00,3,91,Solved
1222,Fraud,2024-11-26,12:00,4,79,Unsolved
1223,Burglary,2024-08-08,11:00,5,7,Solved
1224,Assault,2024-01-17,22:00,4,43,Solved
1225,Burglary,2024-01-24,20:00,6,13,Unsolved
1226,Fraud,2024-04-13,08:00,3,33,Unsolved
1227,Cybercrime,2024-05-23,22:00,8,90,Solved
1228,Robbery,2024-01-05,14:00,8,72,Unsolved
1229,Assault,2024-11-23,15:00,3,75,Solved
1230,Burglary,2024-06-14,06:00,5,91,Solved
1231,Cybercrime,2024-08-29,03:00,2,99,Solved
1232,Theft,2024-03-04,01:00,6,79,Unsolved
1233,Fraud,2024-03-01,13:00,5,36,Unsolved
1234,Robbery,2024-12-03,14:00,1,2,Unsolved
1235,Theft,2024-06-26,05:00,1,30,Solved
1236,Fraud,2024-11-30,14:00,6,92,Unsolved
1237,Burglary,2024-12-26,13:00,1,32,Solved
1238,Assault,2024-09-24,01:00,7,42,Unsolved
1239,Burglary,2024-01-24,15:00,8,42,Unsolved
1240,Theft,2024-03-22,12:00,1,4,Unsolved
1241,Fraud,2024-12-12,13:00,8,66,Solved
1242,Theft,2024-01-13,08:00,1,63,Solved
1243,Robbery,2024-07-03,05:00,7,70,Unsolved
1244,Robbery,2024-01-29,22:00,2,7,Solved
1245,Burglary,2024-10-18,09:00,4,69,Solved
1246,Cybercrime,2024-07-27,06:00,7,7,Unsolved
1247,Cybercrime,2024-05-24,17:00,7,46,Solved
1248,Robbery,2024-05-14,15:00,4,50,Solved
1249,Fraud,2024-01-22,15:00,5,41,Solved
1250,Cybercrime,2024-02-04,16:00,2,52,Solved
1251,Fraud,2024-06-19,14:00,6,89,Unsolved
1252,Fraud,2024-02-05,03:00,2,14,Solved
1253,Theft,2024-08-22,00:00,5,24,Solved
1254,Assault,2024-08-31,18:00,1,42,Solved
1255,Assault,2024-11-27,07:00,3,36,Unsolved
1256,Cybercrime,2024-10-09,03:00,8,19,Solved
1257,Fraud,2024-09-01,00:00,6,70,Unsolved
1258,Cybercrime,2024-11-05,18:00,8,15,Solved
1259,Assault,2024-12-09,15:00,7,61,Solved
1260,Theft,2024-03-15,05:00,3,88,Unsolved
1261,Assault,2024-07-13,08:00,8,67,Solved
1262,Burglary,2024-07-24,03:00,4,23,Unsolved
1263,Burglary,2024-11-12,13:00,1,73,Unsolved
1264,Fraud,2024-02-22,19:00,2,28,Solved
1265,Fraud,2024-11-01,15:00,5,11,Unsolved
1266,Theft,2024-06-13,17:00,2,56,Unsolved
1267,Fraud,2024-08-11,08:00,1,21,Unsolved
1268,Burglary,2024-06-24,03:00,3,71,Solved
1269,Fraud,2024-07-16,01:00,1,26,Unsolved
1270,Fraud,2024-02-04,21:00,8,95,Solved
1271,Burglary,2024-10-15,02:00,6,25,Solved
1272,Robbery,2024-10-30,02:00,6,88,Solved
1273,Burglary,2024-05-26,21:00,5,13,Solved
1274,Robbery,2024-12-13,06:00,6,70,Unsolved
1275,Robbery,2024-04-01,02:00,6,19,Solved
1276,Cybercrime,2024-07-20,13:00,3,45,Solved
1277,Robbery,2024-04-14,17:00,3,12,Unsolved
1278,Fraud,2024-12-03,01:00,4,47,Unsolved
1279,Cybercrime,2024-01-13,08:00,8,15,Solved
1280,Fraud,2024-02-27,09:00,4,51,Unsolved
1281,Cybercrime,2024-11-22,12:00,6,76,Solved
1282,Theft,2024-01-03,05:00,6,65,Unsolved
1283,Assault,2024-10-17,12:00,6,88,Solved
1284,Robbery,2024-09-03,09:00,2,30,Unsolved
1285,Burglary,2024-03-21,09:00,3,64,Solved
1286,Robbery,2024-03-07,18:00,2,67,Unsolved
1287,Fraud,2024-08-26,09:00,6,8,Unsolved
1288,Fraud,2024-03-12,13:00,5,1,Unsolved
1289,Cybercrime,2024-08-25,07:00,5,18,Unsolved
1290,Assault,2024-09-27,00:00,3,46,Unsolved
1291,Robbery,2024-12-28,15:00,2,61,Solved
1292,Robbery,2024-02-28,02:00,7,11,Unsolved
1293,Robbery,2024-06-22,09:00,4,39,Unsolved
1294,Assault,2024-09-02,13:00,7,53,Solved
1295,Burglary,2024-03-23,12:00,3,10,Unsolved
1296,Burglary,2024-02-22,16:00,1,13,Solved
1297,Theft,2024-08-30,13:00,1,42,Solved
1298,Assault,2024-04-15,09:00,4,24,Solved
1299,Robbery,2024-06-02,11:00,2,71,Unsolved
1300,Robbery,2024-02-17,01:00,4,58,Solved
1301,Theft,2024-06-16,00:00,1,76,Solved
1302,Theft,2024-10-28,09:00,6,24,Solved
1303,Cybercrime,2024-10-27,12:00,7,55,Solved
1304,Cybercrime,2024-12-10,04:00,4,91,Solved
1305,Burglary,2024-03-24,07:00,6,2,Solved
1306,Fraud,2024-11-20,22:00,5,51,Solved
1307,Robbery,2024-11-22,11:00,2,75,Solved
1308,Fraud,2024-06-12,20:00,4,9,Unsolved
1309,Cybercrime,2024-10-17,04:00,7,65,Solved
1310,Theft,2024-01-25,16:00,8,70,Unsolved
1311,Burglary,2024-03-02,12:00,6,76,Unsolved
1312,Burglary,2024-04-24,08:00,2,97,Solved
1313,Assault,2024-05-28,23:00,2,87,Solved
1314,Fraud,2024-03-13,00:00,7,14,Unsolved
1315,Theft,2024-02-25,01:00,5,29,Unsolved
1316,Cybercrime,2024-01-16,15:00,6,62,Solved
1317,Fraud,2024-10-24,11:00,1,78,Solved
1318,Robbery,2024-07-10,09:00,2,98,Solved
1319,Assault,2024-06-04,17:00,1,30,Unsolved
1320,Fraud,2024-12-18,22:00,4,64,Solved
1321,Robbery,2024-12-04,01:00,3,57,Solved
1322,Theft,2024-03-30,05:00,6,86,Solved
1323,Robbery,2024-03-12,04:00,1,63,Unsolved
1324,Fraud,2024-11-25,12:00,5,97,Solved
1325,Robbery,2024-04-06,12:00,7,8,Unsolved
1326,Assault,2024-07-07,05:00,5,28,Unsolved
1327,Burglary,2024-07-26,20:00,4,63,Unsolved
1328,Assault,2024-09-03,03:00,8,74,Solved
1329,Cybercrime,2024-05-01,21:00,2,18,Unsolved
1330,Robbery,2024-05-15,09:00,4,86,Solved
1331,Theft,2024-06-14,17:00,8,86,Solved
1332,Fraud,2024-03-16,12:00,6,93,Solved
1333,Fraud,2024-03-14,21:00,8,61,Unsolved
1334,Burglary,2024-03-04,20:00,4,31,Unsolved
1335,Robbery,2024-11-09,18:00,8,20,Solved
1336,Theft,2024-11-16,19:00,4,8,Unsolved
1337,Cybercrime,2024-02-09,01:00,5,3,Solved
1338,Robbery,2024-04-25,09:00,8,44,Solved
1339,Robbery,2024-01-15,15:00,7,59,Unsolved
1340,Robbery,2024-10-05,00:00,7,17,Solved
1341,Robbery,2024-06-03,06:00,4,49,Solved
1342,Fraud,2024-01-16,18:00,4,29,Solved
1343,Burglary,2024-03-22,23:00,1,63,Unsolved
1344,Fraud,2024-05-06,02:00,5,99,Unsolved
1345,Robbery,2024-09-10,06:00,1,7,Solved
1346,Robbery,2024-06-03,09:00,2,75,Unsolved
1347,Burglary,2024-03-29,06:00,5,60,Solved
1348,Theft,2024-06-09,19:00,5,53,Unsolved
1349,Fraud,2024-04-17,07:00,5,9,Solved
1350,Burglary,2024-06-02,22:00,2,5,Unsolved
1351,Cybercrime,2024-12-20,03:00,3,44,Solved
1352,Assault,2024-11-04,15:00,7,75,Unsolved
1353,Theft,2024-03-01,22:00,5,51,Unsolved
1354,Assault,2024-11-29,23:00,1,96,Solved
1355,Burglary,2024-01-06,23:00,7,22,Solved
1356,Theft,2024-09-12,11:00,4,11,Unsolved
1357,Robbery,2024-04-27,20:00,4,65,Solved
1358,Burglary,2024-10-29,01:00,4,67,Unsolved
1359,Robbery,2024-08-17,09:00,7,69,Unsolved
1360,Burglary,2024-11-16,12:00,3,52,Solved
1361,Theft,2024-08-31,16:00,7,91,Solved
1362,Theft,2024-09-23,23:00,1,96,Solved
1363,Theft,2024-08-13,00:00,8,6,Unsolved
1364,Cybercrime,2024-09-14,07:00,4,37,Solved
1365,Robbery,2024-02-26,17:00,7,37,Unsolved
1366,Theft,2024-05-02,00:00,3,44,Solved
1367,Theft,2024-04-01,12:00,7,66,Unsolved
1368,Burglary,2024-11-08,20:00,7,68,Unsolved
1369,Burglary,2024-10-04,06:00,5,26,Solved
1370,Fraud,2024-06-14,05:00,1,28,Solved
1371,Assault,2024-11-26,12:00,2,3,Solved
1372,Fraud,2024-08-08,05:00,1,47,Unsolved
1373,Robbery,2024-09-27,05:00,3,27,Unsolved
1374,Fraud,2024-05-22,19:00,4,78,Unsolved
1375,Cybercrime,2024-06-22,20:00,2,45,Solved
1376,Robbery,2024-03-27,19:00,4,79,Solved
1377,Burglary,2024-12-05,11:00,8,84,Solved
1378,Theft,2024-03-18,23:00,1,78,Solved
1379,Burglary,2024-07-18,13:00,8,47,Solved
1380,Burglary,2024-04-15,04:00,5,30,Unsolved
1381,Burglary,2024-07-09,13:00,5,49,Solved
1382,Assault,2024-02-12,11:00,6,64,Unsolved
1383,Burglary,2024-05-26,22:00,4,13,Solved
1384,Fraud,2024-11-10,14:00,6,60,Solved
1385,Cybercrime,2024-05-03,04:00,2,46,Unsolved
1386,Theft,2024-03-16,04:00,2,49,Unsolved
1387,Burglary,2024-09-25,02:00,5,67,Unsolved
1388,Robbery,2024-01-29,14:00,5,13,Unsolved
1389,Cybercrime,2024-12-23,09:00,4,45,Solved
1390,Cybercrime,2024-06-22,00:00,8,69,Unsolved
1391,Theft,2024-11-01,18:00,3,64,Solved
1392,Theft,2024-04-30,10:00,2,8,Solved
1393,Robbery,2024-12-16,22:00,4,4,Unsolved
1394,Assault,2024-10-05,23:00,7,30,Solved
1395,Cybercrime,2024-03-17,07:00,6,87,Unsolved
1396,Robbery,2024-07-03,07:00,5,63,Unsolved
1397,Fraud,2024-03-27,04:00,4,63,Solved
1398,Robbery,2024-05-27,15:00,7,36,Solved
1399,Robbery,2024-05-06,07:00,2,8,Unsolved
1400,Theft,2024-09-11,06:00,7,43,Unsolved
1401,Robbery,2024-08-04,16:00,1,56,Solved
1402,Burglary,2024-08-07,17:00,4,76,Solved
1403,Theft,2024-06-17,17:00,7,97,Solved
1404,Theft,2024-04-17,10:00,5,66,Solved
1405,Theft,2024-09-11,17:00,1,88,Unsolved
1406,Theft,2024-04-28,15:00,3,49,Solved
1407,Cybercrime,2024-01-03,11:00,2,2,Solved
1408,Assault,2024-01-09,14:00,2,58,Unsolved
1409,Burglary,2024-07-22,11:00,7,81,Solved
1410,Assault,2024-07-18,21:00,6,53,Unsolved
1411,Fraud,2024-01-30,09:00,6,46,Unsolved
1412,Assault,2024-08-11,23:00,8,96,Unsolved
1413,Cybercrime,2024-11-24,01:00,7,100,Solved
1414,Theft,2024-07-10,14:00,5,22,Solved
1415,Cybercrime,2024-09-26,13:00,8,90,Unsolved
1416,Burglary,2024-10-18,22:00,1,74,Unsolved
1417,Assault,2024-03-02,13:00,3,8,Solved
1418,Assault,2024-06-04,00:00,4,1,Solved
1419,Burglary,2024-05-13,05:00,6,15,Solved
1420,Assault,2024-02-18,06:00,6,34,Unsolved
1421,Cybercrime,2024-06-13,22:00,6,59,Unsolved
1422,Burglary,2024-07-29,19:00,2,79,Unsolved
1423,Fraud,2024-03-08,23:00,2,68,Unsolved
1424,Assault,2024-10-21,01:00,2,48,Solved
1425,Burglary,2024-01-19,21:00,7,54,Solved
1426,Cybercrime,2024-03-12,10:00,5,23,Unsolved
1427,Theft,2024-06-30,10:00,3,95,Solved
1428,Burglary,2024-09-28,15:00,8,58,Solved
1429,Burglary,2024-12-30,10:00,3,18,Unsolved
1430,Theft,2024-02-22,19:00,7,17,Solved
1431,Assault,2024-06-23,19:00,3,7,Solved
1432,Theft,2024-08-13,13:00,5,34,Unsolved
1433,Assault,2024-02-23,22:00,6,95,Unsolved
1434,Cybercrime,2024-01-04,22:00,8,16,Solved
1435,Robbery,2024-06-01,15:00,5,49,Unsolved
1436,Burglary,2024-06-20,14:00,2,53,Solved
1437,Robbery,2024-06-03,03:00,4,95,Solved
1438,Robbery,2024-01-02,06:00,1,18,Unsolved
1439,Fraud,2024-09-11,20:00,3,53,Solved
1440,Theft,2024-09-19,01:00,1,31,Unsolved
1441,Theft,2024-10-01,08:00,4,3,Unsolved
1442,Theft,2024-02-04,18:00,2,38,Solved
1443,Burglary,2024-02-01,11:00,2,51,Solved
1444,Theft,2024-12-02,12:00,5,57,Unsolved
1445,Fraud,2024-12-20,14:00,2,91,Unsolved
1446,Cybercrime,2024-02-21,16:00,2,67,Unsolved
1447,Burglary,2024-02-06,07:00,2,66,Unsolved
1448,Fraud,2024-05-07,06:00,1,87,Solved
1449,Fraud,2024-12-04,08:00,5,6,Unsolved
1450,Burglary,2024-09-11,15:00,2,15,Solved
1451,Assault,2024-05-16,09:00,7,12,Solved
1452,Cybercrime,2024-01-03,12:00,2,43,Unsolved
1453,Assault,2024-10-02,00:00,3,79,Unsolved
1454,Assault,2024-11-14,02:00,7,15,Solved
1455,Robbery,2024-08-10,11:00,1,85,Unsolved
1456,Cybercrime,2024-03-16,18:00,6,1,Unsolved
1457,Assault,2024-10-08,06:00,1,4,Solved
1458,Robbery,2024-07-26,17:00,1,60,Unsolved
1459,Theft,2024-07-09,08:00,1,72,Solved
1460,Cybercrime,2024-12-26,18:00,8,93,Solved
1461,Burglary,2024-07-23,07:00,3,49,Solved
1462,Cybercrime,2024-11-26,12:00,2,10,Solved
1463,Theft,2024-02-17,05:00,3,8,Solved
1464,Theft,2024-03-19,23:00,1,24,Solved
1465,Cybercrime,2024-02-01,13:00,8,23,Unsolved
1466,Theft,2024-09-08,02:00,8,99,Solved
1467,Fraud,2024-02-03,15:00,4,7,Unsolved
1468,Robbery,2024-06-20,07:00,6,33,Solved
1469,Theft,2024-09-11,13:00,8,88,Solved
1470,Robbery,2024-01-10,15:00,8,69,Solved
1471,Robbery,2024-05-07,05:00,1,83,Solved
1472,Cybercrime,2024-08-27,19:00,7,97,Unsolved
1473,Robbery,2024-07-03,09:00,6,12,Unsolved
1474,Assault,2024-08-02,05:00,7,26,Solved
1475,Fraud,2024-02-16,08:00,2,89,Solved
1476,Theft,2024-09-07,05:00,3,94,Solved
1477,Fraud,2024-06-14,15:00,5,96,Unsolved
1478,Burglary,2024-10-19,02:00,4,16,Unsolved
1479,Theft,2024-05-18,05:00,7,94,Unsolved
1480,Fraud,2024-04-13,22:00,5,72,Unsolved
1481,Assault,2024-02-20,09:00,8,80,Solved
1482,Burglary,2024-11-29,11:00,2,68,Solved
1483,Assault,2024-06-22,10:00,2,70,Unsolved
1484,Fraud,2024-02-05,18:00,2,6,Solved
1485,Fraud,2024-01-08,06:00,4,42,Solved
1486,Burglary,2024-08-30,11:00,4,61,Solved
1487,Assault,2024-05-09,13:00,1,86,Solved
1488,Cybercrime,2024-08-18,07:00,3,18,Solved
1489,Fraud,2024-01-04,02:00,8,39,Solved
1490,Fraud,2024-10-29,08:00,4,93,Unsolved
1491,Robbery,2024-07-08,20:00,6,2,Unsolved
1492,Fraud,2024-05-14,17:00,5,16,Solved
1493,Assault,2024-02-06,15:00,6,50,Unsolved
1494,Assault,2024-03-25,06:00,2,24,Solved
1495,Assault,2024-10-31,00:00,2,41,Unsolved
1496,Cybercrime,2024-08-22,02:00,7,36,Unsolved
1497,Robbery,2024-03-22,12:00,4,75,Solved
1498,Theft,2024-05-23,22:00,4,41,Unsolved
1499,Robbery,2024-08-15,00:00,4,36,Unsolved
1500,Fraud,2024-06-20,12:00,4,50,Solved
1501,Burglary,2024-02-27,16:00,7,29,Unsolved
1502,Theft,2024-08-23,14:00,1,87,Solved
1503,Cybercrime,2024-05-05,13:00,7,31,Unsolved
1504,Theft,2024-09-07,23:00,8,40,Solved
1505,Fraud,2024-07-14,00:00,2,16,Solved
1506,Assault,2024-08-26,14:00,5,89,Unsolved
1507,Robbery,2024-02-16,15:00,4,40,Solved
1508,Theft,2024-08-30,18:00,5,34,Solved
1509,Theft,2024-09-15,02:00,8,81,Unsolved
1510,Burglary,2024-09-13,21:00,4,23,Unsolved
1511,Burglary,2024-03-22,20:00,6,65,Unsolved
1512,Robbery,2024-01-19,16:00,5,100,Unsolved
1513,Assault,2024-06-22,06:00,4,87,Solved
1514,Theft,2024-07-12,08:00,2,77,Solved
1515,Theft,2024-04-22,22:00,8,7,Unsolved
1516,Theft,2024-10-10,00:00,2,11,Solved
1517,Theft,2024-08-12,20:00,6,80,Unsolved
1518,Cybercrime,2024-03-24,23:00,8,29,Unsolved
1519,Fraud,2024-01-21,03:00,2,47,Solved
1520,Theft,2024-08-12,05:00,7,24,Unsolved
1521,Robbery,2024-02-13,02:00,1,44,Unsolved
1522,Theft,2024-03-25,07:00,4,62,Solved
1523,Assault,2024-01-12,15:00,6,44,Unsolved
1524,Assault,2024-08-14,18:00,3,65,Solved
1525,Cybercrime,2024-08-06,17:00,4,1,Unsolved
1526,Theft,2024-04-10,18:00,3,75,Solved
1527,Robbery,2024-10-29,20:00,8,97,Solved
1528,Theft,2024-10-20,09:00,5,1,Unsolved
1529,Theft,2024-03-29,04:00,2,100,Unsolved
1530,Assault,2024-06-21,14:00,4,1,Unsolved
1531,Burglary,2024-06-07,15:00,5,32,Unsolved
1532,Cybercrime,2024-11-10,20:00,5,75,Solved
1533,Assault,2024-03-06,04:00,7,41,Unsolved
1534,Fraud,2024-08-05,00:00,8,12,Solved
1535,Burglary,2024-04-20,12:00,2,72,Unsolved
1536,Fraud,2024-02-27,23:00,7,60,Unsolved
1537,Assault,2024-01-01,01:00,7,76,Unsolved
1538,Theft,2024-04-20,09:00,4,6,Solved
1539,Cybercrime,2024-12-26,14:00,3,20,Unsolved
1540,Fraud,2024-11-19,22:00,5,31,Solved
1541,Assault,2024-03-11,11:00,5,95,Solved
1542,Assault,2024-09-16,10:00,2,45,Solved
1543,Robbery,2024-10-30,05:00,5,26,Unsolved
1544,Cybercrime,2024-05-02,05:00,3,70,Unsolved
1545,Assault,2024-02-12,10:00,5,32,Solved
1546,Fraud,2024-09-14,03:00,4,75,Unsolved
1547,Robbery,2024-10-30,01:00,6,30,Solved
1548,Burglary,2024-03-09,03:00,3,91,Solved
1549,Robbery,2024-09-03,12:00,5,5,Solved
1550,Theft,2024-03-02,20:00,7,59,Solved
1551,Cybercrime,2024-01-30,01:00,3,79,Solved
1552,Robbery,2024-10-27,02:00,1,85,Solved
1553,Cybercrime,2024-03-07,15:00,5,85,Solved
1554,Burglary,2024-05-01,03:00,3,28,Solved
1555,Fraud,2024-03-18,13:00,1,65,Unsolved
1556,Robbery,2024-09-08,13:00,6,1,Solved
1557,Robbery,2024-10-21,22:00,1,3,Solved
1558,Assault,2024-05-18,14:00,2,6,Unsolved
1559,Robbery,2024-05-04,06:00,8,19,Unsolved
1560,Burglary,2024-05-02,21:00,5,62,Solved
1561,Cybercrime,2024-10-04,18:00,5,73,Unsolved
1562,Robbery,2024-01-17,16:00,6,65,Solved
1563,Robbery,2024-03-19,21:00,8,43,Solved
1564,Assault,2024-05-15,16:00,2,74,Solved
1565,Assault,2024-06-30,01:00,1,89,Solved
1566,Assault,2024-07-14,21:00,7,51,Unsolved
1567,Robbery,2024-11-29,14:00,2,67,Solved
1568,Burglary,2024-08-02,19:00,4,48,Solved
1569,Theft,2024-08-01,09:00,1,95,Solved
1570,Assault,2024-05-21,21:00,1,6,Unsolved
1571,Cybercrime,2024-11-13,22:00,8,41,Unsolved
1572,Cybercrime,2024-08-28,22:00,1,92,Solved
1573,Fraud,2024-07-04,16:00,5,34,Solved
1574,Robbery,2024-02-15,03:00,7,80,Solved
1575,Cybercrime,2024-07-08,05:00,4,6,Solved
1576,Burglary,2024-11-03,14:00,2,78,Unsolved
1577,Robbery,2024-02-10,16:00,8,67,Unsolved
1578,Assault,2024-01-08,00:00,6,31,Solved
1579,Cybercrime,2024-04-24,05:00,2,16,Solved
1580,Assault,2024-01-05,18:00,6,45,Unsolved
1581,Robbery,2024-08-16,12:00,1,33,Unsolved
1582,Fraud,2024-08-15,05:00,8,76,Unsolved
1583,Theft,2024-05-26,16:00,2,45,Unsolved
1584,Robbery,2024-03-13,17:00,3,5,Solved
1585,Theft,2024-09-09,07:00,8,16,Solved
1586,Robbery,2024-03-23,09:00,2,11,Solved
1587,Assault,2024-04-15,23:00,4,14,Solved
1588,Assault,2024-10-01,12:00,1,72,Solved
1589,Theft,2024-03-27,08:00,7,54,Solved
1590,Robbery,2024-01-30,18:00,6,14,Unsolved
1591,Cybercrime,2024-01-12,08:00,4,57,Solved
1592,Assault,2024-06-29,15:00,7,23,Solved
1593,Assault,2024-11-28,08:00,1,59,Solved
1594,Theft,2024-07-25,02:00,1,48,Solved
1595,Burglary,2024-07-16,10:00,1,64,Solved
1596,Robbery,2024-07-16,17:00,1,51,Solved
1597,Burglary,2024-06-06,07:00,3,100,Unsolved
1598,Burglary,2024-07-24,15:00,1,25,Unsolved
1599,Fraud,2024-06-01,18:00,5,48,Solved
1600,Fraud,2024-05-18,14:00,2,19,Unsolved
1601,Assault,2024-11-17,19:00,5,83,Solved
1602,Fraud,2024-03-26,22:00,7,15,Unsolved
1603,Fraud,2024-05-01,12:00,4,15,Unsolved
1604,Assault,2024-06-30,15:00,6,83,Solved
1605,Cybercrime,2024-08-17,04:00,3,20,Solved
1606,Burglary,2024-01-21,11:00,2,35,Solved
1607,Cybercrime,2024-01-14,14:00,6,77,Solved
1608,Cybercrime,2024-01-27,04:00,7,67,Solved
1609,Burglary,2024-05-14,21:00,8,39,Unsolved
1610,Fraud,2024-04-28,22:00,8,72,Unsolved
1611,Burglary,2024-07-30,09:00,6,54,Solved
1612,Burglary,2024-06-26,11:00,8,12,Unsolved
1613,Burglary,2024-03-06,17:00,2,64,Unsolved
1614,Burglary,2024-08-31,21:00,4,41,Solved
1615,Burglary,2024-11-06,12:00,3,15,Solved
1616,Theft,2024-05-08,13:00,6,25,Solved
1617,Cybercrime,2024-12-03,01:00,1,80,Solved
1618,Cybercrime,2024-03-17,20:00,6,68,Solved
1619,Burglary,2024-05-28,12:00,1,73,Solved
1620,Burglary,2024-07-01,21:00,3,31,Solved
1621,Assault,2024-01-16,07:00,4,31,Solved
1622,Theft,2024-06-22,02:00,1,100,Solved
1623,Robbery,2024-10-12,15:00,7,98,Unsolved
1624,Burglary,2024-11-22,06:00,1,86,Unsolved
1625,Assault,2024-08-22,18:00,2,14,Unsolved
1626,Fraud,2024-03-22,18:00,4,70,Unsolved
1627,Cybercrime,2024-12-28,18:00,1,82,Solved
1628,Burglary,2024-10-30,04:00,2,78,Solved
1629,Cybercrime,2024-04-14,18:00,4,5,Unsolved
1630,Assault,2024-03-16,09:00,8,26,Solved
1631,Fraud,2024-03-03,01:00,4,60,Solved
1632,Cybercrime,2024-01-26,04:00,4,27,Solved
1633,Theft,2024-04-16,15:00,4,24,Solved
1634,Fraud,2024-06-19,06:00,5,62,Unsolved
1635,Fraud,2024-11-13,15:00,5,39,Unsolved
1636,Theft,2024-10-27,11:00,8,89,Unsolved
1637,Fraud,2024-10-27,18:00,3,83,Solved
1638,Theft,2024-06-09,21:00,4,85,Unsolved
1639,Cybercrime,2024-10-03,17:00,7,14,Unsolved
1640,Theft,2024-11-13,06:00,1,89,Solved
1641,Robbery,2024-01-08,22:00,2,91,Unsolved
1642,Theft,2024-09-12,10:00,3,73,Unsolved
1643,Fraud,2024-04-10,05:00,8,48,Solved
1644,Fraud,2024-08-13,09:00,8,52,Unsolved
1645,Fraud,2024-06-27,20:00,2,98,Solved
1646,Theft,2024-01-22,14:00,8,64,Solved
1647,Assault,2024-09-22,16:00,4,29,Unsolved
1648,Robbery,2024-03-18,15:00,3,28,Solved
1649,Assault,2024-05-19,00:00,3,60,Unsolved
1650,Fraud,2024-08-17,07:00,6,95,Solved
1651,Assault,2024-02-05,03:00,6,79,Unsolved
1652,Cybercrime,2024-08-30,03:00,2,60,Solved
1653,Cybercrime,2024-02-11,21:00,7,51,Solved
1654,Theft,2024-05-17,22:00,1,11,Solved
1655,Assault,2024-05-23,19:00,8,92,Unsolved
1656,Theft,2024-08-09,17:00,3,85,Solved
1657,Assault,2024-12-07,06:00,7,23,Solved
1658,Burglary,2024-03-17,00:00,4,38,Solved
1659,Fraud,2024-10-12,03:00,6,30,Solved
1660,Cybercrime,2024-01-26,08:00,7,13,Solved
1661,Robbery,2024-03-27,12:00,6,21,Solved
1662,Burglary,2024-06-14,01:00,2,67,Solved
1663,Robbery,2024-12-29,09:00,5,53,Solved
1664,Fraud,2024-04-01,23:00,8,16,Unsolved
1665,Assault,2024-06-13,05:00,1,3,Solved
1666,Burglary,2024-06-22,11:00,7,42,Unsolved
1667,Fraud,2024-07-13,06:00,1,58,Unsolved
1668,Theft,2024-01-04,19:00,2,2,Unsolved
1669,Cybercrime,2024-07-05,18:00,5,98,Solved
1670,Fraud,2024-12-17,19:00,6,63,Unsolved
1671,Burglary,2024-03-13,10:00,5,46,Unsolved
1672,Robbery,2024-04-09,09:00,3,44,Solved
1673,Cybercrime,2024-09-02,05:00,8,4,Solved
1674,Fraud,2024-03-30,18:00,5,48,Solved
1675,Cybercrime,2024-12-07,13:00,8,88,Unsolved
1676,Assault,2024-06-09,22:00,5,5,Unsolved
1677,Fraud,2024-03-14,14:00,2,40,Unsolved
1678,Fraud,2024-10-20,22:00,7,69,Unsolved
1679,Cybercrime,2024-05-10,02:00,7,6,Solved
1680,Burglary,2024-10-28,12:00,8,72,Solved
1681,Cybercrime,2024-09-26,18:00,6,60,Solved
1682,Burglary,2024-06-18,21:00,5,8,Solved
1683,Robbery,2024-10-16,08:00,4,34,Solved
1684,Burglary,2024-09-16,22:00,7,58,Solved
1685,Burglary,2024-06-07,21:00,8,90,Solved
1686,Robbery,2024-07-16,07:00,6,58,Solved
1687,Fraud,2024-12-10,06:00,1,72,Solved
1688,Burglary,2024-04-21,12:00,4,29,Unsolved
1689,Fraud,2024-03-15,16:00,3,48,Solved
1690,Theft,2024-06-13,06:00,5,5,Unsolved
1691,Burglary,2024-11-17,04:00,6,62,Solved
1692,Assault,2024-07-17,04:00,8,52,Solved
1693,Burglary,2024-09-29,15:00,2,2,Solved
1694,Assault,2024-04-19,04:00,6,91,Unsolved
1695,Robbery,2024-08-09,11:00,4,75,Solved
1696,Burglary,2024-01-06,12:00,6,25,Unsolved
1697,Robbery,2024-12-11,12:00,4,41,Unsolved
1698,Robbery,2024-05-05,15:00,6,97,Solved
1699,Theft,2024-12-09,18:00,8,37,Unsolved
1700,Burglary,2024-09-09,15:00,8,52,Unsolved
1701,Burglary,2024-01-30,12:00,1,88,Solved
1702,Theft,2024-04-05,19:00,2,84,Unsolved
1703,Assault,2024-12-28,20:00,5,68,Solved
1704,Burglary,2024-07-16,02:00,8,3,Solved
1705,Robbery,2024-03-27,14:00,4,68,Unsolved
1706,Robbery,2024-08-20,21:00,2,65,Unsolved
1707,Theft,2024-06-18,23:00,4,28,Solved
1708,Fraud,2024-07-28,10:00,3,21,Solved
1709,Burglary,2024-02-21,12:00,6,28,Solved
1710,Burglary,2024-10-29,06:00,6,15,Solved
1711,Robbery,2024-02-28,04:00,4,18,Solved
1712,Fraud,2024-03-24,13:00,7,77,Solved
1713,Theft,2024-05-23,14:00,2,92,Solved
1714,Burglary,2024-03-16,20:00,4,11,Unsolved
1715,Fraud,2024-04-03,07:00,2,90,Unsolved
1716,Robbery,2024-04-18,12:00,3,59,Unsolved
1717,Fraud,2024-08-22,11:00,1,75,Unsolved
1718,Cybercrime,2024-11-04,18:00,2,8,Unsolved
1719,Theft,2024-09-10,08:00,6,40,Solved
1720,Theft,2024-02-26,04:00,1,3,Solved
1721,Theft,2024-01-26,10:00,3,68,Unsolved
1722,Robbery,2024-07-26,15:00,8,57,Solved
1723,Burglary,2024-02-06,16:00,7,44,Solved
1724,Robbery,2024-09-17,18:00,6,98,Unsolved
1725,Robbery,2024-12-04,03:00,7,33,Unsolved
1726,Cybercrime,2024-12-16,12:00,6,61,Solved
1727,Assault,2024-05-19,17:00,5,25,Unsolved
1728,Robbery,2024-10-25,06:00,6,2,Solved
1729,Robbery,2024-10-05,02:00,5,26,Solved
1730,Cybercrime,2024-10-11,21:00,5,64,Solved
1731,Fraud,2024-07-03,06:00,5,15,Unsolved
1732,Robbery,2024-08-30,21:00,1,11,Solved
1733,Theft,2024-04-29,20:00,3,59,Solved
1734,Cybercrime,2024-12-08,20:00,7,48,Solved
1735,Burglary,2024-01-23,21:00,5,39,Unsolved
1736,Theft,2024-05-10,04:00,1,14,Unsolved
1737,Robbery,2024-07-20,01:00,7,76,Solved
1738,Burglary,2024-05-09,19:00,6,43,Unsolved
1739,Cybercrime,2024-02-03,09:00,4,43,Unsolved
1740,Theft,2024-07-27,03:00,6,55,Unsolved
1741,Burglary,2024-01-08,02:00,5,41,Solved
1742,Cybercrime,2024-03-04,10:00,5,97,Solved
1743,Burglary,2024-11-21,22:00,8,57,Unsolved
1744,Cybercrime,2024-09-18,06:00,2,99,Unsolved
1745,Theft,2024-08-17,20:00,7,70,Solved
1746,Fraud,2024-02-05,07:00,8,1,Solved
1747,Assault,2024-02-16,07:00,3,17,Solved
1748,Robbery,2024-07-28,23:00,2,51,Unsolved
1749,Assault,2024-10-06,09:00,2,49,Solved
1750,Burglary,2024-10-03,22:00,4,12,Unsolved
1751,Assault,2024-05-12,22:00,6,79,Unsolved
1752,Fraud,2024-10-06,08:00,8,15,Solved
1753,Theft,2024-10-29,13:00,1,32,Solved
1754,Assault,2024-10-14,17:00,3,33,Unsolved
1755,Burglary,2024-01-26,13:00,8,83,Unsolved
1756,Assault,2024-04-26,05:00,5,99,Unsolved
1757,Cybercrime,2024-05-26,20:00,2,73,Unsolved
1758,Assault,2024-01-12,18:00,8,45,Unsolved
1759,Robbery,2024-04-29,07:00,7,27,Unsolved
1760,Cybercrime,2024-02-23,17:00,6,30,Solved
1761,Fraud,2024-10-28,23:00,3,96,Unsolved
1762,Cybercrime,2024-05-14,07:00,8,33,Solved
1763,Theft,2024-05-28,07:00,3,59,Unsolved
1764,Fraud,2024-01-06,07:00,5,11,Solved
1765,Robbery,2024-11-19,14:00,7,28,Solved
1766,Assault,2024-08-19,13:00,3,84,Unsolved
1767,Theft,2024-10-09,17:00,8,46,Unsolved
1768,Burglary,2024-08-01,10:00,4,3,Solved
1769,Assault,2024-02-26,11:00,3,54,Solved
1770,Theft,2024-12-30,05:00,6,45,Solved
1771,Fraud,2024-12-22,21:00,3,78,Solved
1772,Burglary,2024-02-07,11:00,5,98,Solved
1773,Burglary,2024-10-29,01:00,1,32,Solved
1774,Cybercrime,2024-11-16,21:00,8,80,Solved
1775,Fraud,2024-02-26,22:00,3,17,Unsolved
1776,Fraud,2024-10-05,19:00,6,32,Unsolved
1777,Cybercrime,2024-11-08,01:00,3,51,Unsolved
1778,Assault,2024-11-28,06:00,7,90,Unsolved
1779,Robbery,2024-07-18,03:00,3,8,Unsolved
1780,Assault,2024-02-06,10:00,3,60,Solved
1781,Robbery,2024-02-01,21:00,1,51,Unsolved
1782,Theft,2024-10-06,11:00,4,15,Solved
1783,Burglary,2024-10-11,22:00,2,90,Solved
1784,Cybercrime,2024-09-13,23:00,8,58,Unsolved
1785,Cybercrime,2024-06-16,15:00,3,44,Solved
1786,Fraud,2024-11-13,11:00,6,43,Solved
1787,Robbery,2024-11-18,13:00,3,95,Unsolved
1788,Burglary,2024-05-02,03:00,5,78,Unsolved
1789,Cybercrime,2024-11-10,23:00,1,29,Solved
1790,Cybercrime,2024-02-16,22:00,2,55,Unsolved
1791,Theft,2024-06-14,02:00,7,69,Solved
1792,Assault,2024-03-31,15:00,7,39,Unsolved
1793,Burglary,2024-02-03,23:00,5,61,Unsolved
1794,Burglary,2024-10-17,05:00,2,27,Unsolved
1795,Burglary,2024-01-26,12:00,2,98,Unsolved
1796,Theft,2024-11-30,13:00,3,20,Unsolved
1797,Theft,2024-01-20,23:00,2,94,Solved
1798,Robbery,2024-08-25,16:00,3,60,Solved
1799,Assault,2024-07-22,21:00,8,20,Unsolved
1800,Cybercrime,2024-12-06,17:00,2,36,Solved
1801,Robbery,2024-04-11,03:00,2,90,Solved
1802,Robbery,2024-08-12,01:00,6,92,Unsolved
1803,Theft,2024-03-20,00:00,6,21,Solved
1804,Robbery,2024-05-07,20:00,6,69,Unsolved
1805,Fraud,2024-10-24,11:00,6,41,Solved
1806,Burglary,2024-02-09,06:00,4,76,Solved
1807,Theft,2024-01-07,01:00,4,79,Unsolved
1808,Fraud,2024-04-10,18:00,2,15,Unsolved
1809,Cybercrime,2024-01-09,05:00,4,48,Unsolved
1810,Cybercrime,2024-09-13,19:00,4,74,Unsolved
1811,Fraud,2024-03-28,05:00,5,15,Unsolved
1812,Fraud,2024-10-27,07:00,7,1,Unsolved
1813,Burglary,2024-12-15,20:00,7,65,Unsolved
1814,Theft,2024-04-11,14:00,6,24,Unsolved
1815,Cybercrime,2024-05-10,16:00,3,89,Unsolved
1816,Robbery,2024-12-16,08:00,8,69,Unsolved
1817,Cybercrime,2024-05-05,19:00,8,46,Unsolved
1818,Burglary,2024-07-06,22:00,7,52,Solved
1819,Assault,2024-12-05,19:00,8,43,Solved
1820,Fraud,2024-10-06,18:00,2,90,Solved
1821,Fraud,2024-09-09,20:00,2,35,Solved
1822,Cybercrime,2024-05-25,12:00,3,86,Unsolved
1823,Fraud,2024-12-20,06:00,8,85,Solved
1824,Cybercrime,2024-06-16,16:00,1,59,Unsolved
1825,Burglary,2024-02-25,10:00,4,67,Unsolved
1826,Robbery,2024-10-06,14:00,6,59,Solved
1827,Theft,2024-09-29,14:00,1,89,Unsolved
1828,Robbery,2024-12-13,08:00,8,88,Solved
1829,Fraud,2024-01-31,00:00,8,47,Solved
1830,Cybercrime,2024-06-25,11:00,7,64,Unsolved
1831,Robbery,2024-06-26,03:00,6,69,Solved
1832,Fraud,2024-02-07,20:00,2,45,Unsolved
1833,Assault,2024-02-21,01:00,2,33,Solved
1834,Robbery,2024-05-29,17:00,8,60,Unsolved
1835,Assault,2024-06-08,23:00,5,23,Solved
1836,Theft,2024-04-03,05:00,6,8,Unsolved
1837,Assault,2024-05-26,07:00,8,26,Unsolved
1838,Robbery,2024-10-22,12:00,6,81,Unsolved
1839,Assault,2024-02-14,19:00,1,78,Solved
1840,Cybercrime,2024-02-19,11:00,7,66,Solved
1841,Robbery,2024-01-24,10:00,4,89,Solved
1842,Cybercrime,2024-10-19,03:00,4,32,Solved
1843,Burglary,2024-12-03,07:00,2,53,Unsolved
1844,Fraud,2024-09-10,22:00,3,3,Unsolved
1845,Assault,2024-12-11,18:00,6,26,Solved
1846,Burglary,2024-03-10,13:00,6,5,Unsolved
1847,Cybercrime,2024-12-29,08:00,3,67,Solved
1848,Fraud,2024-03-26,14:00,6,87,Unsolved
1849,Theft,2024-03-09,00:00,7,23,Solved
1850,Cybercrime,2024-03-02,07:00,5,31,Unsolved
1851,Theft,2024-02-13,03:00,8,58,Solved
1852,Fraud,2024-06-23,20:00,2,76,Unsolved
1853,Cybercrime,2024-04-19,14:00,2,38,Solved
1854,Theft,2024-07-21,15:00,5,59,Solved
1855,Burglary,2024-01-13,12:00,6,34,Solved
1856,Robbery,2024-06-12,08:00,5,57,Solved
1857,Assault,2024-09-30,16:00,8,83,Unsolved
1858,Theft,2024-05-19,03:00,1,33,Solved
1859,Fraud,2024-09-17,22:00,2,74,Solved
1860,Theft,2024-10-09,23:00,8,76,Solved
1861,Assault,2024-09-29,10:00,3,89,Solved
1862,Theft,2024-12-23,14:00,7,40,Solved
1863,Theft,2024-11-15,23:00,6,66,Unsolved
1864,Robbery,2024-06-01,18:00,7,89,Unsolved
1865,Assault,2024-07-26,23:00,8,74,Solved
1866,Burglary,2024-08-21,13:00,6,42,Unsolved
1867,Cybercrime,2024-07-31,15:00,4,59,Unsolved
1868,Fraud,2024-02-26,22:00,5,76,Solved
1869,Burglary,2024-10-02,10:00,8,92,Unsolved
1870,Fraud,2024-09-03,18:00,8,27,Unsolved
1871,Fraud,2024-06-10,13:00,3,93,Solved
1872,Burglary,2024-03-06,23:00,7,29,Unsolved
1873,Theft,2024-04-30,02:00,3,73,Solved
1874,Cybercrime,2024-01-30,22:00,4,8,Solved
1875,Assault,2024-10-21,04:00,3,76,Solved
1876,Assault,2024-07-30,05:00,7,55,Unsolved
1877,Burglary,2024-06-30,04:00,8,16,Unsolved
1878,Fraud,2024-03-10,13:00,2,62,Unsolved
1879,Theft,2024-12-13,01:00,2,87,Unsolved
1880,Assault,2024-11-16,11:00,6,24,Solved
1881,Fraud,2024-02-24,19:00,8,20,Solved
1882,Assault,2024-04-14,20:00,1,75,Solved
1883,Assault,2024-07-22,08:00,1,25,Solved
1884,Theft,2024-11-21,15:00,2,88,Solved
1885,Robbery,2024-07-17,02:00,6,68,Solved
1886,Cybercrime,2024-09-01,12:00,5,53,Unsolved
1887,Robbery,2024-08-09,21:00,6,12,Solved
1888,Cybercrime,2024-12-21,10:00,2,17,Solved
1889,Theft,2024-10-05,05:00,3,70,Solved
1890,Robbery,2024-12-03,16:00,4,100,Solved
1891,Theft,2024-08-13,11:00,5,24,Solved
1892,Cybercrime,2024-07-20,16:00,1,40,Solved
1893,Burglary,2024-02-27,20:00,6,38,Unsolved
1894,Cybercrime,2024-06-27,07:00,6,35,Unsolved
1895,Assault,2024-05-28,20:00,6,30,Unsolved
1896,Theft,2024-10-15,23:00,2,73,Unsolved
1897,Robbery,2024-06-20,12:00,3,58,Solved
1898,Theft,2024-04-27,03:00,4,96,Solved
1899,Cybercrime,2024-12-01,05:00,8,4,Unsolved
1900,Assault,2024-09-14,11:00,7,16,Unsolved
1901,Robbery,2024-04-29,15:00,7,3,Solved
1902,Robbery,2024-01-13,04:00,2,4,Unsolved
1903,Theft,2024-06-16,15:00,4,23,Unsolved
1904,Cybercrime,2024-10-02,20:00,5,86,Unsolved
1905,Cybercrime,2024-04-24,08:00,4,14,Unsolved
1906,Assault,2024-11-09,16:00,2,84,Unsolved
1907,Theft,2024-07-13,04:00,3,11,Unsolved
1908,Cybercrime,2024-03-29,02:00,2,57,Unsolved
1909,Cybercrime,2024-09-10,13:00,3,93,Solved
1910,Cybercrime,2024-11-09,18:00,3,41,Unsolved
1911,Robbery,2024-06-30,03:00,2,40,Unsolved
1912,Theft,2024-07-02,12:00,4,45,Solved
1913,Theft,2024-01-03,06:00,8,67,Unsolved
1914,Assault,2024-02-03,11:00,3,75,Solved
1915,Burglary,2024-02-23,00:00,8,77,Unsolved
1916,Theft,2024-08-26,09:00,4,29,Unsolved
1917,Assault,2024-07-09,05:00,1,67,Unsolved
1918,Robbery,2024-07-20,12:00,6,14,Solved
1919,Cybercrime,2024-11-12,01:00,2,11,Solved
1920,Fraud,2024-03-10,06:00,4,65,Solved
1921,Assault,2024-12-08,04:00,1,63,Unsolved
1922,Burglary,2024-09-25,21:00,5,75,Solved
1923,Robbery,2024-06-25,21:00,1,3,Solved
1924,Cybercrime,2024-10-09,00:00,8,24,Unsolved
1925,Robbery,2024-02-22,14:00,6,56,Unsolved
1926,Fraud,2024-01-28,21:00,8,50,Unsolved
1927,Theft,2024-11-05,06:00,3,10,Solved
1928,Fraud,2024-04-02,13:00,1,81,Solved
1929,Robbery,2024-04-12,03:00,6,12,Solved
1930,Cybercrime,2024-09-02,12:00,2,5,Solved
1931,Robbery,2024-05-22,03:00,7,33,Unsolved
1932,Burglary,2024-12-06,11:00,6,88,Unsolved
1933,Theft,2024-02-15,13:00,4,6,Solved
1934,Cybercrime,2024-10-16,03:00,6,55,Solved
1935,Fraud,2024-12-11,13:00,5,94,Unsolved
1936,Burglary,2024-11-22,01:00,1,49,Unsolved
1937,Theft,2024-05-22,04:00,3,3,Solved
1938,Fraud,2024-08-30,04:00,3,52,Unsolved
1939,Assault,2024-08-06,06:00,6,29,Solved
1940,Theft,2024-08-24,10:00,1,86,Solved
1941,Burglary,2024-11-17,22:00,6,30,Solved
1942,Burglary,2024-01-14,15:00,8,61,Solved
1943,Assault,2024-11-03,09:00,7,47,Solved
1944,Cybercrime,2024-01-24,13:00,1,18,Solved
1945,Assault,2024-05-18,05:00,7,100,Solved
1946,Theft,2024-11-24,01:00,8,49,Solved
1947,Burglary,2024-08-27,19:00,7,93,Unsolved
1948,Burglary,2024-04-15,12:00,5,43,Unsolved
1949,Fraud,2024-01-30,19:00,8,12,Solved
1950,Assault,2024-01-03,07:00,1,35,Solved
1951,Robbery,2024-06-13,23:00,4,91,Solved
1952,Robbery,2024-11-08,23:00,1,20,Unsolved
1953,Burglary,2024-12-20,09:00,2,18,Unsolved
1954,Cybercrime,2024-07-05,16:00,3,92,Unsolved
1955,Theft,2024-01-22,07:00,4,3,Solved
1956,Fraud,2024-10-17,12:00,2,88,Unsolved
1957,Assault,2024-04-11,05:00,6,94,Unsolved
1958,Fraud,2024-02-29,14:00,2,98,Unsolved
1959,Fraud,2024-01-03,14:00,2,68,Unsolved
1960,Robbery,2024-05-11,05:00,8,12,Unsolved
1961,Assault,2024-12-08,13:00,7,70,Unsolved
1962,Fraud,2024-01-11,18:00,6,60,Unsolved
1963,Fraud,2024-01-28,00:00,8,17,Solved
1964,Fraud,2024-05-09,23:00,7,71,Unsolved
1965,Assault,2024-03-02,00:00,1,4,Unsolved
1966,Theft,2024-08-23,23:00,7,39,Unsolved
1967,Robbery,2024-06-07,11:00,2,40,Solved
1968,Cybercrime,2024-07-14,12:00,3,64,Solved
1969,Theft,2024-07-26,12:00,6,74,Solved
1970,Robbery,2024-07-08,21:00,7,11,Solved
1971,Assault,2024-07-04,11:00,1,80,Unsolved
1972,Assault,2024-05-06,18:00,7,15,Unsolved
1973,Burglary,2024-06-19,11:00,5,32,Solved
1974,Fraud,2024-05-11,13:00,6,97,Solved
1975,Theft,2024-11-05,15:00,2,98,Solved
1976,Burglary,2024-08-05,00:00,1,30,Solved
1977,Robbery,2024-04-09,22:00,1,21,Unsolved
1978,Burglary,2024-07-21,14:00,3,56,Solved
1979,Cybercrime,2024-11-27,20:00,3,72,Unsolved
1980,Theft,2024-11-21,01:00,8,99,Solved
1981,Fraud,2024-11-02,06:00,7,31,Solved
1982,Fraud,2024-08-08,19:00,4,85,Unsolved
1983,Cybercrime,2024-10-04,09:00,5,97,Unsolved
1984,Assault,2024-03-16,06:00,5,35,Unsolved
1985,Fraud,2024-06-20,06:00,2,95,Solved
1986,Cybercrime,2024-09-16,06:00,4,6,Unsolved
1987,Fraud,2024-03-25,02:00,4,11,Unsolved
1988,Fraud,2024-09-19,09:00,3,54,Unsolved
1989,Theft,2024-04-28,04:00,2,94,Solved
1990,Assault,2024-11-17,16:00,2,67,Solved
1991,Assault,2024-04-06,14:00,4,58,Solved
1992,Burglary,2024-01-08,16:00,8,87,Solved
1993,Assault,2024-04-22,16:00,1,21,Unsolved
1994,Robbery,2024-11-22,10:00,2,47,Unsolved
1995,Robbery,2024-08-23,06:00,3,33,Solved
1996,Assault,2024-04-10,20:00,1,35,Unsolved
1997,Theft,2024-01-26,19:00,2,94,Solved
1998,Burglary,2024-04-22,08:00,5,56,Unsolved
1999,Cybercrime,2024-06-11,00:00,4,41,Unsolved
2000,Burglary,2024-09-08,02:00,3,70,Unsolved
