Officer_ID,Officer_Name,Station
1,Officer_1,East
2,Officer_2,West
3,Officer_3,North
4,Officer_4,South
5,Officer_5,East
6,Officer_6,North
7,Officer_7,North
8,Officer_8,South
9,Officer_9,West
10,Officer_10,West
11,Officer_11,South
12,Officer_12,Central
13,Officer_13,West
14,Officer_14,Central
15,Officer_15,West
16,Officer_16,East
17,Officer_17,West
18,Officer_18,Central
19,Officer_19,West
20,Officer_20,Central
21,Officer_21,West
22,Officer_22,South
23,Officer_23,South
24,Officer_24,North
25,Officer_25,South
26,Officer_26,South
27,Officer_27,South
28,Officer_28,South
29,Officer_29,North
30,Officer_30,West
31,Officer_31,South
32,Officer_32,North
33,Officer_33,North
34,Officer_34,East
35,Officer_35,Central
36,Officer_36,South
37,Officer_37,North
38,Officer_38,East
39,Officer_39,South
40,Officer_40,South
41,Officer_41,East
42,Officer_42,West
43,Officer_43,North
44,Officer_44,South
45,Officer_45,East
46,Officer_46,West
47,Officer_47,Central
48,Officer_48,West
49,Officer_49,North
50,Officer_50,East
51,Officer_51,South
52,Officer_52,Central
53,Officer_53,North
54,Officer_54,West
55,Officer_55,South
56,Officer_56,Central
57,Officer_57,Central
58,Officer_58,South
59,Officer_59,North
60,Officer_60,South
61,Officer_61,East
62,Officer_62,West
63,Officer_63,East
64,Officer_64,South
65,Officer_65,East
66,Officer_66,North
67,Officer_67,North
68,Officer_68,Central
69,Officer_69,Central
70,Officer_70,South
71,Officer_71,East
72,Officer_72,West
73,Officer_73,Central
74,Officer_74,North
75,Officer_75,North
76,Officer_76,South
77,Officer_77,South
78,Officer_78,East
79,Officer_79,North
80,Officer_80,North
81,Officer_81,West
82,Officer_82,Central
83,Officer_83,West
84,Officer_84,East
85,Officer_85,East
86,Officer_86,North
87,Officer_87,East
88,Officer_88,West
89,Officer_89,East
90,Officer_90,West
91,Officer_91,West
92,Officer_92,West
93,Officer_93,South
94,Officer_94,North
95,Officer_95,West
96,Officer_96,Central
97,Officer_97,North
98,Officer_98,Central
99,Officer_99,West
100,Officer_100,South
